"0039italy-shop.com","0039-italy"
"en.0and1.de","0and1"
"alyxstudio.com","1017-alyx-9sm"
"1083.fr","1083"
"10dayslifestyle.com","10days"
"en.12storeez.com","12-storeez"
"16arlington.co.uk","16arlington"
"1people.com","1-people"
"2xu.com","2xu"
"31philliplim.com","31-phillip-lim"
"337brand.com","337-brand"
"361usa.com","361-degrees"
"4kinship.com","4kinship"
"7forallmankind.com","7-for-all-mankind"
"aaiko.com","aaiko"
"aaksonline.com","a-a-k-s"
"aatise.com","aatise"
"abch.world","abch"
"abercrombie.com","abercrombie-and-fitch"
"ableclothing.com","able"
"aboutyou.de","about-you"
"abysseofficial.com","abysse"
"acbc.com","acbc"
"accellifestyle.com","accel-lifestyle"
"aceandjig.com","ace-and-jig"
"aceandtate.com","ace-and-tate"
"ac-official.com","a-c"
"shopacler.com","acler"
"acnestudios.com","acne-studios"
"a-dam.com","a-dam"
"adamlippes.com","adam-lippes"
"thisisaday.com","aday"
"adelanteshoes.com","adelante"
"adeledejak.com","adele-dejak"
"adidas.co.uk","adidas-by-stella-mccartney"
"adidas.com","adidas"
"adika.com","adika"
"adinareyter.com","adina-reyter"
"adishstudios.com","adish"
"admiseparis.com","admise"
"shop.adrianadegreas.com","adriana-degreas"
"aeance.com","aeance"
"aequae.it","aequae"
"aeranewyork.com","aera"
"aeron.com","aeron"
"aestethiclondon.com","aestethic-london"
"aestherekme.com","aesther-ekme"
"afends.com","afends"
"afroblonde.com.au","afroblonde"
"afvandevorst.be","afvandevorst"
"agentprovocateur.com","agent-provocateur"
"agjeans.com","ag-jeans"
"agmesnyc.com","agmes"
"agnelle.com","agnelle"
"agnesb.co.uk","agnes-b"
"agnona.com","agnona"
"agolde.com","agolde"
"ahnu.com","ahnu"
"aiayu.com","aiayu"
"aigle.com","aigle"
"aignermunich.com","aigner"
"aimeecherieintimates.com","aimee-cherie-intimates"
"ai-storm.com","ai-riders"
"airwalk.com","airwalk"
"periodaisle.com","aisle"
"aisteanaite.com","aiste-anaite"
"ajeworld.com.au","aje"
"ajio.com","ajio"
"akalaclothing.com","akala"
"akoiaswim.com","akoiaswim"
"akola.co","akola"
"akolaproject.org","akola-project"
"akris.com","akris"
"aksfairtrade.com","aks"
"akubra.com.au","akubra-hats"
"akunaswimwear.com.au","akuna-swimwear"
"alagarconne.com.br","a-la-garconne"
"alaia.fr","alaia"
"alalastyle.co","alala"
"shop.alannahhill.com.au","alannah-hill"
"alanui.it","alanui"
"albaray.co.uk","albaray"
"albertaferretti.com","alberta-ferretti"
"albionfit.com","albion"
"alchemist-fashion.com","alchemist"
"alcltd.com","alc"
"alderapparel.com","alder"
"aldoshoes.com","aldo"
"aleemyusuf.com","aleem-yusuf"
"alemais.com","alemais"
"alessandrarich.com","alessandra-rich"
"alexachung.com","alexachung"
"alexandermcqueen.com","alexander-mcqueen"
"alexanderwang.com","alexander-wang"
"alexandrakaiser.com","alexandra-kaiser"
"alexandramor.com","alexandra-mor"
"shopalexis.com","alexis"
"alexperry.com.au","alex-perry"
"algbrand.com.br","alg"
"alicealexander.co","alice-alexander"
"alicemccall.com","alice-mccall"
"shop.alienina.com","alienina"
"alighieri.com","alighieri"
"aligne.co","aligne"
"alinkajewellery.com","alinka"
"alisonlou.com","alison-lou"
"alixnyc.com","alix-nyc"
"alixthelabel.com","alix-the-label"
"alkemiejewelry.com","alkemie"
"alkhemistla.com","alkhemist"
"allabouteveclothing.com","all-about-eve"
"allbirds.co.uk","allbirds"
"allblues.se","all-blues"
"allisonparris.com","allison-parris"
"alloracapes.com.au","allora-capes"
"allsaints.com","allsaints"
"allsisters.com","allsisters"
"allthewildroses.com","all-the-wild-roses"
"allthingsfi.com.au","allthingsfi"
"allude-cashmere.com","allude"
"allycapellino.co.uk","ally-capellino"
"allyfashion.com","ally-fashion"
"allylikes.com","allylikes"
"almalovis.de","alma-and-lovis"
"shopalmostthere.com","almost-there"
"alohas.io","alohas"
"aloyoga.com","alo"
"alpha60.com.au","alpha60"
"alphaindustries.com","alpha-industries"
"altardstate.com","altard-state"
"altarpdx.com","altar"
"alterfashion.co.uk","alter-fashion"
"altermadeconcept.com","alter-made"
"alternativeapparel.com","alternative-apparel"
"altrarunning.com.au","altra"
"altuzarra.com","altuzarra"
"amadeusbijoux.com","amadeus"
"amapojeans.com.br","amapo"
"amazon.com","amazon"
"ambiletics.com","ambiletics"
"ambramaddalena.com","ambra-maddalena"
"ambushdesign.com","ambush"
"americanapparel.com","american-apparel"
"american-giant.com","american-giant"
"americanrag.com","american-rag"
"uk.americanvintage-store.com","american-vintage"
"america-today.com","america-today"
"amiparis.com","ami"
"aminamuaddi.com","amina-muaddi"
"amiri.com","amiri"
"amirslama.com.br","amir-slama"
"amourvert.com","amour-vert"
"amt-studio.com","amt"
"amur.com","amur"
"anaakcollection.com","anaak"
"anabelachan.com","anabela-chan"
"anakhouri.com","ana-khouri"
"analuisa.com","ana-luisa"
"ananlondree.com","an-an-londree"
"anaturalconnection.be","a-natural-connection"
"ancient-greek-sandals.com","ancient-greek-sandals"
"weareandall.com","andall"
"en.anderssonbell.com","andersson-bell"
"andless.dk","and-less"
"stories.com","and-other-stories"
"andrathelabel.com","andra-the-label"
"andreabogosian.com.br","andrea-bogosian"
"andrealucydesigns.com.au","andrea-lucy-designs"
"andreamarques.com","andrea-marques"
"andressarda.com","andres-sarda"
"anecdote.nl","anecdote"
"anekdotboutique.com","anekdot"
"anemosswim.com","anemos"
"angelaroi.com","angela-roi"
"angels-ambition.de","angels-ambition"
"aninebing.com","anine-bing"
"anitako.com","anita-ko"
"ankjewellery.art","ank"
"anna-nina.nl","anna---nina"
"annaquan.com","anna-quan"
"annawalkerlondon.com","anna-walker"
"anndemeulemeester.com","ann-demeulemeester"
"anndraneen.com","anndra-neen"
"annefontaine.com","anne-fontaine"
"annie-hamilton.com","annie-hamilton"
"annoushka.com","annoushka"
"annsummers.com","ann-summers"
"anntaylor.com","ann-taylor"
"another-label.com","another-label"
"anothertomorrow.co","another-tomorrow"
"anta.com","anta"
"antheacrawford.com.au","anthea-crawford"
"anthropologie.com","anthropologie"
"antiformonline.co.uk","antiform"
"antonellotedde.com","antonello-tedde"
"antoniazander.com","antonia-zander"
"antoniobernardo.com.br","antonio-bernardo"
"antti.com.au","antti"
"anyahindmarch.com","anya-hindmarch"
"any-di.com","any-di-munich"
"apayajewelry.com","apaya"
"apc-us.com","apc"
"apeacetreaty.com","a-peace-treaty"
"apeainthepod.com","a-pea-in-the-pod"
"apm.mc","apm-monaco"
"appletrees.se","appletrees"
"apresstudio.com.au","apres-studio"
"aquazzura.com","aquazzura"
"araks.com","araks"
"aranaz.ph","aranaz"
"arch4.co.uk","arch4"
"arcinaori.com.au","arcina-ori"
"arcteryx.com","arc-teryx"
"ardene.com","ardene"
"shop-arielle.com","arielle"
"aritzia.com","aritzia"
"furdeluxe.store","arizona-love"
"arket.com","arket"
"armastore.com","arma"
"armaniexchange.com","armani-exchange"
"armedangels.com","armedangels"
"armsofandes.com","arms-of-andes"
"arnhem.co","arnhem"
"arnsdorf.com.au","arnsdorf"
"aroegehove.dk","a-roege-hove"
"arohalangley.com","aroha-langley"
"artichokebags.com","artichoke"
"article22.com","article-22"
"arys-berlin.com","arys"
"as29.com","as29"
"asceno.com","asceno"
"ascensionswim.com","ascension-swim"
"ascolour.com.au","as-colour"
"ashandrose.com","ash-and-rose"
"ash.com","ash"
"ashmei.com","ashmei"
"asics.com","asics"
"asket.com","asket"
"aspesi.com","aspesi"
"assemblylabel.com","assembly-label"
"assos.com","assos"
"assyalondon.com","assya-london"
"astleyclarke.com","astley-clarke"
"atelier-eme.it","atelier-eme"
"atelieretica.com","atelier-etica"
"gardeur.com","atelier-gardeur"
"atelierswarovski.com","atelier-swarovski"
"athleta.com","athleta"
"athletikan.com","athletikan"
"atlanticblankets.com","atlantic-blankets"
"atlantiqueascoli.com","atlantique-ascoli"
"atmosea.com.au","atmosea"
"atomy-studios.com","atomy"
"atpatelier.com","atp-atelier"
"aubade.com","aubade"
"aura7activewear.com","aura-7-activewear"
"auriaparis.com","auria-paris"
"autarklabel.com","autark"
"auterra.co.za","auterra"
"autographfashion.com.au","autograph"
"automicgold.com","automic-gold"
"autorepearls.com.au","autore"
"autumncashmere.com","autumn-cashmere"
"avani.ch","avani"
"aveclesfilles.com","avec-les-filles"
"avila.com.au","avila"
"awakind.co","awakind-sleepwear"
"awarethesocialdesignproject.com.au","awarethe-social-design-project"
"awaveawake.com","awave-awake"
"axelarigato.com","axel-arigato"
"aymaratextiles.com","aymara-textiles"
"ayni.com.pe","ayni"
"aytengasson.com","ayten-gasson"
"azleejewelry.com","azlee"
"aztechmountain.com","aztech-mountain"
"baabuk.com","baabuk"
"ba-sh.com","baandsh"
"backesandstrauss.com","backes-and-strauss"
"badgleymischka.com","badgley-mischka"
"bagenvy.com.au","bag-envy"
"baggu.com","baggu"
"baiia.com.au","baiia"
"baileyhats.com","bailey-hats"
"bakari.es","bakari"
"baldinini-shop.com","baldinini"
"balenciaga.com","balenciaga"
"ballinamsterdam.com","ballin-amsterdam"
"ballyofswitzerland.com","bally"
"balmain.com","balmain"
"bambah.com","bambah"
"bamford.com","bamford"
"bananamoon.com","banana-moon"
"bananarepublic.gap.com","banana-republic"
"banjanan.com","banjanan"
"banksjournal.com","banks-journal"
"baobaoisseymiyake.com","bao-bao-issey-miyake"
"barbaraigongini.com","barbara-i-gongini"
"barbour.com","barbour"
"bared.com.au","bared-footwear"
"barefootblondecollection.com","barefoot-blonde-collection"
"bariano.com.au","bariano-australia"
"bario-neal.com","bario-neal"
"barneycools.com","barney-cools"
"baron.se","baron"
"barrie.com","barrie"
"bartajeans.com","barta-jeans"
"barts.eu","barts"
"basebodywear.com","base-bodywear"
"baserange.net","baserange"
"baskinafrica.com.au","bask-in-africa"
"intl.bassike.com","bassike"
"bastetnoir.myshopify.com","bastet-noir"
"batch1.com","batch-1-uk"
"batoko.com","batoko"
"batsheva.com","batsheva"
"baukjen.com","baukjen"
"baumundpferdgarten.com","baum-und-pferdgarten"
"bayactive.com.au","bay-active"
"baytheswim.com","baythe"
"bboheme.com","b-boheme"
"bcbg.com","bcbgmaxazria"
"beachgoldbali.com","beachgold-lifestyle"
"beachlife.com","beachlife"
"ssfshop.com","beanpole"
"beatonlinen.com","beaton"
"beaumontorganic.com","beaumont-organic"
"bebe.com","bebe"
"becandbridge.com","bec---bridge"
"457anew.com","bedi"
"beekeeperparade.com","beekeeper-parade"
"been.london","been-london"
"beginningboutique.com","beginning-boutique"
"behno.com","behno"
"belleintl.com","belle"
"bellerose.be","bellerose"
"bellroy.com","bellroy"
"belstaff.co.uk","belstaff"
"benedettabruzziches.com","benedetta-bruzziches"
"lovebenedetta.com","benedetta"
"bensimon.com","bensimon"
"bergans.com","bergans"
"click.linksynergy.com","berlei"
"bernadetteantwerp.com","bernadette"
"bershka.com","bershka"
"bestandless.com.au","bestandless"
"bestform-lingerie.fr","bestform"
"best-mountain.fr","best-mountain"
"bethany-williams.com","bethany-williams"
"bethrichards.com","beth-richards"
"betinadeluca.com","betina-de-luca"
"betonxcire.com","beton-cire"
"betterworldfashion.com","better-world-fashion"
"bettyandbiddy.com","betty-and-biddy"
"beulahlondon.com","beulah"
"beyond-skin.com","beyond-skin"
"beyondyoga.com","beyond-yoga"
"bhavastudio.com","bhava"
"bhumi.com.au","bhumi"
"biancaspender.com","bianca-spender"
"biancojeans.com.au","bianco"
"bibico.co.uk","bibico"
"biehler-cycling.com","biehler"
"shop.bigbazaar.com","big-bazaar---ffb"
"bigbudpress.com","big-bud-press"
"bikbok.com","bik-bok"
"billabong.com","billabong"
"billi-london.com","billi-london"
"bimbaylola.com","bimba-y-lola"
"birdsong.london","birdsong"
"birkenstock.com","birkenstock"
"bisleyworkwear.com.au","bisley"
"bitestudios.com","bite"
"bizzbee.com","bizzbee"
"bjornborg.com","bjorn-borg"
"black-brown.com","black-and-brown"
"flys.com","black-flys-australia"
"blackmilkclothing.com","black-milk-clothing"
"blackstonefootwear.com","blackstone"
"blanchecph.com","blanche"
"blanknyc.com","blanknyc"
"info.bleedclothing.com","bleed"
"bleueburnham.com","bleue-burnham"
"bleusalt.com","bleusalt"
"bloch.com.au","bloch"
"blood-brother.com","blood-brother"
"bloomingdales.com","bloomingdales"
"blueandyellowproject.com","blue-and-yellow"
"bluebirdshoes.com.br","blue-bird"
"bluewrencollective.shop","blue-wren-collective"
"blumarine.com","blumarine"
"blundstone.com","blundstone"
"blutsgeschwister.de","blutsgeschwister"
"bobochoses.com","bobo-choses"
"bodas.co.uk","bodas"
"bodenewyork.com","bode"
"boden.co.uk","boden"
"bollandbranch.com","boll-and-branch"
"bolsobags.com","bolso"
"bomajewelry.com","boma"
"bombas.com","bombas"
"bonaparteshop.com","bona-parte"
"bondiborn.com","bondi-born"
"bonds.com","bonds"
"bongo.com","bongo"
"bonlabel.com.au","bon-label"
"bonprix.com","bonprix"
"eu.bonsbaisersdepaname.com","bons-baisers-de-paname"
"bonton.fr","bonton"
"boobdesign.com","boob"
"boody.com.au","boody"
"boohoo.com","boohoo"
"bosidengfashion.com","bosideng"
"botierofficial.com","botier"
"bottegaveneta.com","bottega-veneta"
"bottletop.org","bottletop"
"bottogiuseppe.com","botto-giuseppe"
"boucheron.com","boucheron"
"bougainvillea.london","bougainvillea-london"
"bouxavenue.com","boux-avenue"
"bowerswimwear.com","bower"
"boyish.com","boyish"
"boyybag.com","b-o-y-y"
"bozenajankowska.com","bozena-jankowska"
"brandonmaxwellstudio.com","brandon-maxwell"
"brandymelville.com","brandy-melville"
"bravafabrics.com","brava-fabrics"
"bravesoul.co.uk","brave-soul"
"bravissimo.com","bravissimo"
"bremont.com","bremont"
"brendazaro.com","brenda-zaro"
"brighton.com","brighton"
"brinkerandeliza.com","brinker-and-eliza"
"briston-watches.com","briston"
"brittsisseck.com","britt-sisseck"
"bronxshoes.com","bronx"
"brookegregson.com","brooke-gregson"
"brooksbrothers.com","brooks-brothers"
"brooksrunning.com","brooks"
"brothervellies.com","brother-vellies"
"browniespain.com","brownie"
"brunellocucinelli.com","brunello-cucinelli"
"brunomagli.com","bruno-magli"
"brunotti.com","brunotti"
"bsidesjeans.com","b-sides"
"buckle.com","buckle"
"buckmason.com","buck-mason"
"buffalo-boots.com","buffalo-london"
"bulwark.com","bulwark"
"uk.burberry.com","burberry"
"burkely.nl","burkely"
"burlington.com","burlington"
"burrowsandco.com.au","burrows-and-co"
"buscemi.com","buscemi"
"shop-by-bar.nl","by-bar"
"by-born.com","byborn"
"byellowtail.com","byellowtail"
"byfar.com","by-far"
"bymalenebirger.com","by-malene-birger"
"byoung.com","byoung"
"bytimo.no","bytimo"
"bzees.com","bzees"
"cabas.shop","cabas"
"cache-cache.fr","cache-cache"
"cafeducycliste.com","cafe-du-cycliste"
"cafinclothing.com","cafin"
"caftanii.it","caftanii"
"cageysplanet.com","cageys-planet"
"calida.com","calida"
"calledelmar.us","calle-del-mar"
"calvinklein.us","calvin-klein"
"world.calzedonia.com","calzedonia"
"camaieu.com","camaieu"
"mtg-germany.de","cambio"
"cambridgesatchel.com","cambridge-satchel-co"
"camelactive.de","camel-active"
"camilaklein.com.br","camila-klein"
"camillaandmarc.com","camilla-and-marc"
"camilla.com","camilla"
"campcoveswim.com","camp-cove-swim"
"campdavidstore.com","camp-david"
"camper.com","camper"
"camphigh.com","camp-high"
"canadagoose.com","canada-goose"
"c-and-a.com","c-and-a"
"candianidenim.it","candiani"
"candies.com","candies"
"caramel-shop.co.uk","caramel"
"cara-mila.com","cara-mila"
"caravana.land","caravana"
"carcel.co","carcel"
"carebymeusa.com","care-by-me"
"carhartt-wip.com","carhartt"
"carinegilson.com","carine-gilson"
"int.cariuma.com","cariuma"
"carlaamorim.com.br","carla-amorim"
"carlieballard.com","carlie-ballard"
"carminacampus.com","carmina-campus"
"carolinabucci.com","carolina-bucci"
"carolinaherrera.com","carolina-herrera"
"caroll.com","caroll"
"us.carreraworld.com","carrera"
"carriehoffman.com","carrie-hoffman"
"carshoe.com","carshoe"
"cartier.com","cartier"
"carven.com","carven"
"casadei.com","casadei"
"casagin.com","casagin"
"casaraki.com","casa-raki"
"cashmereinlove.com","cashmere-in-love"
"castamira.com","castamira"
"castaner.com","castaner"
"castelli-cycling.com","castelli-cycling"
"castro.com","castro"
"catarinamartins.com","catarina-martins"
"catarinamina.com","catarina-mina"
"catherinerowedesigns.com","catherine-rowe-designs"
"catherines.lanebryant.com","catherines"
"catrinka.com","catrinka"
"catwalkjunkie.com","catwalk-junkie"
"caurparis.com","caur"
"cavallaronapoli.com","cavallaro-napoli"
"comebackasaflower.com","cbaaf"
"ceciliaprado.com","cecilia-prado"
"ceciliebahnsen.com","cecilie-bahnsen"
"ceeceesclosetnyc.com","cee-cees-closet"
"cefinn.com","cefinn"
"celine.com","celine"
"celticandco.com","celtic-and-co"
"cerberus-strength.com","cerberus-strength-usa"
"cfconcept.com","cf-concept"
"chalayan.com","chalayan"
"championstore.com","champion"
"chancechance.co.kr","chancechance"
"chanel.com","chanel"
"us.chantelle.com","chantelle"
"chaps.com","chaps"
"charismaathome.com","charisma"
"charleeswim.com.au","charlee-swim"
"charleskeith.com","charles-and-keith"
"charli-cohen.com","charli-cohen"
"charliemae.com.au","charlie-mae-swimwear"
"charlotteknowles.com","charlotte-knowles"
"charlotteolympia.com","charlotte-olympia"
"charlotterusse.com","charlotte-russe"
"chelseabravo.com","chelsea-bravo"
"chiaraferragnicollection.com","chiara-ferragni"
"chichiclothing.com","chi-chi-london"
"chicmadeconsciously.com","chic-made-consciously"
"chicos.com","chicos"
"childrenofthediscordance.com","children-of-the-discordance"
"chillax.co","chillax"
"chintiandparker.com","chinti-and-parker"
"chloegosselin.com","chloe-gosselin"
"chnge.com","chnge"
"chopard.com","chopard"
"chopovalowena.com","chopova-lowena"
"us.christianlouboutin.com","christian-louboutin"
"christiansiriano.com","christian-siriano"
"christianwijnants.com","christian-wijnants"
"christinakraemer.com","christina-kramer"
"christopheresber.com.au","christopher-esber"
"christopherjohnrogers.com","christopher-john-rogers"
"christydawn.com","christy-dawn"
"chromat.co","chromat"
"chufy.com","chufy"
"chumbak.com","chumbak"
"church-footwear.com","church"
"chylak.com","chylak"
"shopcider.com","cider"
"ciennenewyork.com","cienne"
"cigankaartforms.com","ciganka---artforms-from-nature"
"cinqasept.nyc","cinq-a-sept"
"circleoftrust.nl","circle-of-trust"
"circos.co","circos"
"circusbysamedelman.com","circus-ny"
"citizensofhumanity.com","citizens-of-humanity"
"citizenwolf.com","citizen-wolf"
"citychic.com.au","city-chic"
"cks-fashion.com","cks"
"cladandcloth.com","clad-and-cloth"
"claires.co.uk","claires"
"clamp.pt","clamp"
"clarev.com","clare-vivier"
"clarks.com","clarks"
"claudiadeanworld.com","claudia-dean-world"
"claudiastrater.be","claudia-strater"
"cloakbrand.com","cloak"
"cloecassandro.com","cloe-cassandro"
"closed.com","closed"
"closetlondon.com","closet"
"clubebossa.com","clube-bossa"
"club-knit.com","club-knit"
"clubmonaco.com","club-monaco"
"coach.com","coach"
"coalatree.com","coalatree"
"coclico.com","coclico"
"cog-store.com","cog"
"colehaan.com","cole-haan"
"colettehayman.com.au","colette"
"coliecolingerie.com","colieco"
"collinastrada.com","collina-strada"
"collusion.com","collusion"
"colorfulstandard.com","colorful-standard"
"colourfulrebel.com","colourful-rebel"
"columbia.com","columbia"
"cbaaf.org","come-back-as-a-flower"
"comma-store.eu","comma"
"comme-des-garcons.com","comme-des-garcons"
"commission.nyc","commission-nyc"
"commonprojects.com","common-projects"
"comutor.co.uk","comutor"
"shopconrado.com","conrado"
"consciousstep.com","conscious-step"
"consciousswimwear.com","conscious-the-label"
"contessavolpi.com","contessa-volpi"
"wecontinew.com","continew"
"converse.com","converse"
"coohem.jp","coohem"
"en.cop-copine.com","copcopine"
"coraliemarabelle.com","coralie-marabelle"
"cordings.co.uk","cordings"
"corinnecollection.com","corinne"
"corneliawebb.com","cornelia-webb"
"corporeum.com.br","corporeum"
"cortefiel.com","cortefiel"
"corto.com","corto-moltedo"
"cosstores.com","cos"
"cosmoparis.com","cosmoparis"
"cossac.co","cossac"
"costadelmar.com","costa-del-mar"
"costco.com","costco"
"costesfashion.com","costes"
"cotelac.us","cotelac"
"cotopaxi.com","cotopaxi"
"countryroad.com.au","country-road"
"en.courbet.com","courbet"
"courir.com","courir"
"courreges.com","courreges"
"cousinbillie.com.au","cousin-billie"
"cowboysbag.com","cowboysbag"
"coyuchi.com","coyuchi"
"cream-clothing.com","cream"
"crocsaustralia.com.au","crocs"
"cropp.com","cropp"
"crossroads.com.au","crossroads"
"cubitts.com","cubitts"
"cue.cc","cue"
"cultgaia.com","cult-gaia"
"culthread.com","culthread"
"culture-fashion.com","culture"
"cupshe.com","cupshe"
"cushnie.com","cushnie"
"cus.cat","cus"
"customink.com","custom-ink"
"cutlerandgross.com","cutler-and-gross"
"shopcuup.com","cuup"
"cuyana.com","cuyana"
"cvc-stones.com","cvc-stones"
"cyell.com","cyell"
"cynthiarowley.com","cynthia-rowley"
"cyrillus.com","cyrillus"
"d1milano.com","d1-milano"
"dagsmejan.com","dagsmejan"
"daiwear.com","dai"
"dailypaperclothing.com","daily-paper"
"dakine.com","dakine"
"dakota501.com","dakota501"
"damirdoma.com","damir-doma"
"damselinadress.com","damsel-in-a-dress"
"danarebeccadesigns.com","dana-rebecca"
"danielwellington.com","daniel-wellington"
"dannijo.com","dannijo"
"danskin.com","danskin"
"dante6.com","dante6"
"dare2b.com","dare-2b"
"daretoroam.com","dare-to-roam"
"darzah.org","darzah"
"davidjones.com","david-jones"
"davidkoma.com","david-koma"
"davidmorris.com","david-morris"
"davidyurman.com","david-yurman"
"dawndenim.com","dawn-denim"
"day-won.com","day-won"
"dazeyla.com","dazey-la"
"dcshoes.com","dc-shoes"
"deadwoodstudios.com","deadwood"
"dearborndenim.us","dearborn-denim"
"deardarling.berlin","dear-darling-berlin"
"deardenier.com","dear-denier"
"dearkates.com","dear-kate"
"debeers.com","de-beers"
"decathlon.com","decathlon"
"decjuba.com.au","decjuba"
"deckstudio.co.uk","deck"
"dedicatedbrand.com","dedicated"
"deepfitted.com","deep-fitted"
"deeply.com","deeply"
"deichmann.com","deichmann"
"deijistudios.com","deiji-studios"
"delikaterayne.com","delikate-rayne"
"delpozo.com","delpozo"
"demellierlondon.com","demellier"
"denhamthejeanmaker.com","denham"
"derbeshop.de","derbe"
"dereklam.com","derek-lam"
"derhy.com","derhy"
"designersremix.com","designers-remix"
"desigual.com","desigual"
"desmondanddempsey.com","desmond-and-dempsey"
"despetitshauts.com","des-petites-hauts"
"des-sen.com","des-sen"
"deuter.com","deuter"
"deuxmains.com","deux-mains"
"devernois.com","devernois"
"devinalouise.com.au","devina-louise"
"devotion.gr","devotion"
"dewedewe.com","dew-e-dew-e"
"dharmabums.com.au","dharma-bums"
"diamondfoundry.com","diamond-foundry"
"dianekordasjewellery.com","diane-kordas"
"dvf.com","diane-von-furstenberg-dvf"
"world.dvf.com","diane-von-furstenberg"
"dickies.com","dickies"
"didriksons.com","didriksons"
"shop.diesel.com","diesel"
"dillards.com","dillards"
"dillysocks.com","dillysocks"
"global.dionlee.com","dion-lee"
"dior.com","dior"
"dirtyvelvet.co.uk","dirty-velvet"
"discountuniverse.com","discount-universe"
"districtvision.com","district-vision"
"divineecodyedsilk.com.au","divine"
"divinitycollection.com.au","divinity-collection"
"di-vsn.com","-di-vision"
"djula.fr","djula"
"dkactive.com","dk-active"
"donnakaran.com","dkny"
"dl1961.com","dl1961"
"dna-amsterdam.com","dna-amsterdam"
"dockers.com","dockers"
"dodo.it","dodo"
"shopdoen.com","doen"
"dolcegabbana.com","dolce-and-gabbana"
"dollskill.com","dolls-kill"
"doloreshaze.com","dolores-haze"
"dominiquehealy.com","dominique-healy"
"donatellafabio.com","donatella-fabio-beachwear"
"dondup.com","dondup"
"shopdonni.com","donni"
"doopsdesigns.com","doops-designs"
"doralarsen.com","dora-larsen"
"dorateymur.com","dorateymur"
"dorothee-schumacher.com","dorothee-schumacher"
"dorothyperkins.com","dorothy-perkins"
"dorsu.org","dorsu"
"dotti.com.au","dotti"
"doucals.com","doucals"
"dranella.com","dranella"
"dreamersanddrifters.com.au","dreamers-and-drifters"
"dreimastershop.de","dreimaster"
"dresden.vision","dresden"
"dressarteparis.com","dressarte-paris"
"dressbarn.com","dressbarn"
"drivemebikini.com","drivemebikini"
"drmartens.com","dr-martens"
"drome.it","drome"
"drschollsshoes.com","dr-scholls-shoes"
"drykorn.com","drykorn"
"dsquared2.com","dsquared2"
"dubarry.ie","dubarry"
"dubini.co.uk","dubini"
"dukeoflondon.co","duke-of-london"
"duluthtrading.com","duluth-trading"
"dunelondon.com","dune-london"
"duskii.com","duskii"
"dwellandslumber.com","dwell-and-slumber"
"dylanstees.com","dylans-tees"
"dynamiteclothing.com","dynamite"
"dyspnea.com.au","dyspnea"
"each-other.com","each-other"
"eaglecreek.com","eagle-creek"
"eastpak.com","eastpak"
"eatyourwater.com.au","eat-your-water"
"au.ecco.com","ecco"
"shop.eckhauslatta.com","eckhaus-latta"
"eclipseglove.com","eclipse"
"ecoalf.com","ecoalf"
"ecointimates.com.au","eco-intimates"
"ecolena.com.au","ecolena"
"ecologiebyawdis.com","ecologie-by-awdis"
"ecoology.es","ecoology"
"ecoright.com","ecoright"
"ecowool.com","ecowool"
"eddiebauer.com","eddie-bauer"
"edelinelee.com","edeline-lee"
"edenpowercorp.com","eden-power-corp"
"edgeofember.com","edge-of-ember"
"edhardyoriginals.com","ed-hardy"
"edie-parker.com","edie-parker"
"edikted.com","edikted"
"edited.de","edited"
"edwardcrutchley.com","edward-crutchley"
"edwin-usa.com","edwin-usa"
"eggie.us","eggie"
"egrey.com.br","egrey"
"eileenfisher.com","eileen-fisher"
"eknfootwear.com","ekn-footwear"
"elcorteingles.es","el-corte-ingles"
"electricfeathers.com","electric-feathers"
"elegantees.com","elegantees"
"elementbrand.com","element"
"elenabobysheva.com","elena-bobysheva"
"eleven44.com","eleven44"
"eleven-six.co","eleven-six"
"eleventymilano.it","eleventy"
"eliesaab.com","elie-saab"
"elietahari.com","elie-tahari"
"eliou-eliou.com","eliou"
"elisabethweinstock.com","elisabeth-weinstock"
"eliurpi.com","eliurpi"
"elizabethandjames.us","elizabeth-and-james"
"au.elkthelabel.com","elk"
"elkline.de","elkline"
"ella-witt.com","ella-and-witt"
"ella-fashion.com","ella-fashion"
"elleevansswimwear.com.au","elle-evans"
"elleme.com","elleme"
"ellesse.com","ellesse"
"elliss.co.uk","elliss"
"eloquii.com","eloquii"
"elrodeostore.com","el-rodeo"
"elselingerie.com","else"
"elsiengringhuis.com","elsien-gringhuis"
"elvdenim.com","elv-denim"
"elvisandkresse.com","elvis-and-kresse"
"emanuelebicocchi.it","emanuele-bicocchi"
"embassyofbricksandlogs.com","embassy-of-bricks-and-logs"
"emiliawickstead.com","emilia-wickstead"
"emiliopucci.com","emilio-pucci"
"emmaaitchison.com","emma-aitchison-jewellery"
"en.emoi-emoi.com","emoi-emoi"
"emulsionprinthouse.com","emulsion-printhouse"
"encircled.co","encircled"
"end--angered.com","endangered"
"endlessjoy.co.uk","endless-joy"
"endurasport.com","endura"
"engel-natur.de","engel"
"envelope1976.com","envelope1976"
"envii.com","envii"
"eoe-eyewear.com","eoe-eyewear"
"equipmentfr.com","equipment"
"erbathelabel.com","erba"
"erdem.com","erdem"
"eresparis.com","eres"
"erikacavallini.com","erika-cavallini"
"erinsnow.com","erin-snow"
"erlich-textil.de","erlich-textil"
"ermannoscervino.com","ermanno-scervino"
"zegna.co.uk","ermenegildo-zegna"
"escada.com","escada"
"escvdo.com","escvdo"
"eshvijewellery.com","eshvi"
"esp-oslo.no","esp"
"esprit.com","esprit"
"essestudios.com","esse"
"essenthelabel.com","essen"
"essentiel-antwerp.com","essentiel-antwerp"
"esskateboarding.com","es-skateboarding"
"estebancortazar.com","esteban-cortazar"
"estilebybv.com.br","estile"
"etam.com","etam"
"en.eternelephemere.eu","eternel-ephemere"
"ethletic.com","ethletic"
"eticadenim.com","etica"
"etienneaigner.com","etienne-aigner"
"etiko.com.au","etiko"
"etnies.com","etnies"
"etq-amsterdam.com","etq"
"etrececile.com","etre-cecile"
"etro.com","etro"
"ettitude.com.au","ettitude"
"etudes-studio.com","etudes"
"evafehren.com","eva-fehren"
"useeva.com","eva"
"evameva.com","evam-eva"
"evarae.com","evarae"
"everlane.com","everlane"
"everlast.com","everlast"
"everpress.com","everpress"
"everythingbutwater.com","everything-but-water"
"evisu.com","evisu"
"express.com","express"
"extraaf.com","extraaf"
"extreme-cashmere.com","extreme-cashmere"
"eyd-clothing.com","eyd"
"fabianafilippi.com","fabiana-filippi"
"fabiennechapot.com","fabienne-chapot"
"fabletics.com","fabletics"
"fabrikstore.com","fabrik"
"fabrizioviti.com","fabrizio-vitti"
"store.facetasm.jp","facetasm"
"faconjacmin.com","facon-jacmin"
"fae.house","fae"
"faguo-store.com","faguo"
"fahertybrand.com","faherty"
"fairindigo.com","fair-indigo"
"faithconnexion.com","faith-connexion"
"faithfullthebrand.com","faithfull-the-brand"
"nl.falconeri.com","falconeri"
"falierosarti.com","faliero-sarti"
"famousfootwear.com","famous-footwear"
"hbx.com","famt"
"fanfarelabel.com","fanfare"
"faragothelabel.com","farago-the-label"
"fareanddinkum.com","fare-and-dinkum"
"farmrio.com","farm-rio"
"farmtohanger.com","farm-to-hanger"
"fashionnova.com","fashion-nova"
"fatface.com","fatface"
"fawnandfinch.com.au","fawn-and-finch"
"fay.com","fay"
"fearofgod.com","fear-of-god"
"feller.clothing","feller"
"femmesdusud.nl","femmes-du-sud"
"fendi.com","fendi"
"feners.com","feners"
"fengchenwang.com","feng-chen-wang"
"fenty.com","fenty"
"fernandojorge.co.uk","fernando-jorge"
"fhchristensen.london","fh-christensen"
"fifthhouse.nl","fifth-house"
"figue.com","figue"
"fila.com","fila"
"filippa-k.com","filippa-k"
"fillingpieces.com","filling-pieces"
"fillity.com.br","fillity"
"finisterre.com","finisterre"
"fiorucci.com","fiorucci"
"thisisfirstbase.com","first-base"
"fischswim.com","fisch"
"hk.iteshop.com","five-cm"
"fjallraven.com","fjallraven"
"en.flamingoslife.com","flamingos-life"
"flarestreet.com","flare-street"
"flattered.com","flattered"
"flaviaaranha.com","flavia-aranha"
"fleurdumal.com","fleur-du-mal"
"florencegiven.com","florence-given"
"int.florisvanbommel.com","floris-van-bommel"
"fmeapparel.com.au","fme-apparel"
"fob-paris.com","fob-paris"
"folkclothing.com","folk"
"folkloore.com","folkloore"
"fordays.com","for-days"
"forever21.com","forever-21"
"forloveandlemons.com","for-love-and-lemons"
"formandfold.com","form-and-fold"
"forte-forte.com","forte-forte"
"ftes.com.au","for-the-earth-sweetheart"
"foschini.co.za","foschini"
"fossil.com","fossil"
"foundling.com.au","foundling"
"foundrae.com","foundrae"
"frame-store.com","frame"
"francescorusso.fr","francesco-russo"
"wearfranc.com","franc"
"frankanddollys.com","frank-and-dollys"
"frankandoak.com","frank-and-oak"
"frankdarling.com","frank-darling"
"frankiecollective.com","frankie"
"frankiesbikinis.com","frankies-bikinis"
"fransa.com","fransa"
"freddelabretoniere.com","fred-de-la-bretoniere"
"frederiqueconstant.com","frederique-constant"
"freebirdicons.com","freebird"
"freelabel.com","free-label"
"freepeople.com","free-people"
"freitag.ch","freitag"
"frenkenfashion.com","f-r-e-n-k-e-n"
"freshsoulclothing.com","fresh-soul"
"frisurclothing.com","frisur"
"welovefrugi.com","frugi"
"fruit.com","fruit-of-the-loom"
"shop.ftc-cashmere.com","ftc-cashmere"
"ftlaapparel.com","ftla-apparel"
"walkfulton.com","fulton"
"funktionschnitt.de","funktion-schnitt"
"funkykalakar.global","funky-kalakar"
"furla.com","furla"
"futurajewelry.com","futura"
"fwd-react.com","f-wd"
"gabrielahearst.com","gabriela-hearst"
"gaellehayme.com","gaelle-hayme"
"galamaar.com","galamaar"
"galmeetsglam.com","gal-meets-glam"
"galvanlondon.com","galvan"
"gandyslondon.com","gandys"
"ganni.com","ganni"
"gant.com","gant"
"gap.com","gap"
"garageclothing.com","garage"
"wearegarcia.com","garcia"
"garconne.com.au","garconne"
"garrard.com","garrard"
"garymash.com","gary-mash"
"gasbijoux.com","gas-bijoux"
"gate.shop","gate"
"gcds.it","gcds"
"geishafashion.eu","geisha"
"gelarehmizrahi.com","gelareh-mizrahi"
"gemporia.com","gemporia"
"generalsleepstore.com","general-sleep"
"genesisfootwear.com","genesis-footwear"
"gentlemonster.com","gentle-monster"
"direct.asda.com","george"
"georgiaalice.com","georgia-alice"
"georgjensen.com","georg-jensen"
"geox.com","geox"
"gerarddarel.com","gerard-darel"
"gestuz.com","gestuz"
"gfgjewellery.com","gfg-jewellery-by-nilufer"
"ghanda.com","ghanda"
"ghost.co.uk","ghost"
"giambattistavalli.com","giambattista-valli"
"giannicoofficial.com","giannico"
"gianvitorossi.com","gianvito-rossi"
"uk.giesswein.com","giesswein"
"gildapearl.co.uk","gilda-and-pearl"
"gildan.com","gildan"
"gilrodriguez.com","gil-rodriguez"
"ginabacconi.com","gina-bacconi"
"ginatricot.com","gina-tricot"
"gingerandsmart.com","ginger-and-smart"
"armani.com","giorgio-armani"
"giorgiobrato.it","giorgio-brato"
"redirect.viglink.com","girlfriend-collective"
"giuseppezanotti.com","giuseppe-zanotti"
"givenchy.com","givenchy"
"glass-onion.com","glass-onion"
"glassons.com","glassons"
"globe-trotter.com","globe-trotter"
"gloriacoelho.com.br","gloria-coelho"
"gmbhofficial.com","gmbh"
"goasur.com","go-as-ur"
"goatorganicapparel.com","goat-organic-apparel"
"goenj.com","goenj"
"etsy.com","golddust-dresses"
"goldengoose.com","golden-goose"
"goldsigndenim.com","goldsign"
"goldwin-sports.com","goldwin"
"goodamerican.com","good-american"
"goodcitizens.com.au","good-citizens-eyewear"
"gooddaygirl.com.au","good-day-girl"
"goodforsunday.com","good-for-sunday"
"goodguysdontwearleather.com","good-guys"
"goodkrama.com","good-krama"
"goodnews.london","good-news"
"goodsociety.org","goodsociety"
"gooseandganderltd.com","goose-and-gander"
"goosecraft.com","goosecraft"
"goossens-paris.com","goossens-paris"
"gorewear.com","gore-wear"
"gormanshop.com.au","gorman"
"go-sport.com","go-sport"
"got-bag.com","got-bag"
"graine.com.au","graine"
"gramicci.com","gramicci"
"grammarnyc.com","grammar"
"grana.com","grana"
"grandstep.de","grand-step"
"granelito.com","granelito"
"greatplains.co.uk","great-plains"
"greenbomb.de","greenbomb"
"greenfibres.com","greenfibres"
"greenpacha.com","greenpacha"
"greenthings.com.au","green-things"
"greglauren.com","greg-lauren"
"grenson.com","grenson"
"groceriesapparel.com","groceries-apparel"
"groundtruth.global","groundtruth"
"groundzeroclothing.com","ground-zero-clothing"
"grueneerde.com","grune-erde"
"g-star.com","g-star-raw"
"guananan.co.uk","guananan-london"
"gucci.com","gucci"
"gudrunsjoden.com","gudrun-sjoden"
"guess.com","guess"
"en.gugguu.com","gugguu"
"guidi.it","guidi"
"guildprime.com","guild-prime"
"gunasthebrand.com","gunas"
"gundahafner.com","gunda-hafner"
"gung-ho-design.com","gung-ho-design"
"guru-mtp.fr","guru-mtp"
"guterstoff.com","guterstoff"
"gviteri.com","g-viteri"
"gwyllem.com.au","gwyllem"
"au.gymshark.com","gymshark"
"gyreaustralia.com","gyre"
"hackwithdesignhouse.com","hackwith-design-house"
"haiderackermann.com","haider-ackermann"
"haight.com.br","haight"
"haikure.com","haikure"
"haileygerrits.com","hailey-gerrits"
"thehalara.com","halara"
"hamiltonshirts.com","hamilton-shirts"
".hm.com","h-and-m"
"behandpicked.com","hand-picked"
"handred.com.br","handred-studio"
"hanes.com","hanes"
"shophaney.com","haney"
"hankjobenhavn.com","han-kjobenhavn"
"hankypanky.com","hanky-panky"
"hannaandersson.com","hanna-andersson"
"hanro.com","hanro"
"hansine.co","hansine"
"happyearthapparel.com","happy-earth-apparel"
"happyhaus.fr","happy-haus"
"happyxnature.com","happyxnature"
"harathelabel.com","hara-the-label"
"harlowstore.com","harlow"
"harlyjae.com","harly-jae"
"harpersage.com","harpersage"
"harrietmorrisjewellery.com","harriet-morris"
"harriswharflondon.co.uk","harris-wharf-london"
"harrods.com","harrods"
"harvestandmill.com","harvest-and-mill"
"harwellgodfrey.com","harwell-godfrey"
"hathorway.com","hathorway"
"havaianas.com","havaianas"
"hawesandcurtis.com","hawes-and-curtis"
"hazelandfolk.com","hazel-and-folk"
"head.com","head-sports"
"heartsdesireclothing.com","hearts-desire-clothing"
"hedgren.com","hedgren"
"hla.com.cn","heilan-home"
"heimat-atlantica.com","heimat-atlantica"
"heine.de","heine"
"helenkaminski.com","helen-kaminski"
"aw20.heliotemil.com","heliot-emil"
"hellojackalo.com","hello-jackalo"
"hellyhansen.com","helly-hansen"
"helmutlang.com","helmut-lang"
"hemashop.com","hema"
"hemantandnandita.com","hemant-and-nandita"
"henrikvibskov.com","henrik-vibskov"
"henrilloyd.com","henri-lloyd"
"her-empire.com","her-empire"
"hermes.com","hermes"
"herminaathens.com","hermina-athens"
"herno.it","herno"
"heronpreston.com","heron-preston"
"herschel.com","herschel-supply-co"
"byherth.com","herth"
"herveleger.com","herve-leger"
"hessnatur.com","hessnatur"
"heyhoneyyoga.com","hey-honey"
"hideandjack.com","hideandjack"
"hilothelabel.com","hi-lo-the-label"
"hiraethcollective.com","hiraeth"
"letsbehonest.eu","hnst"
"hobbs.com","hobbs"
"hogan.com","hogan"
"hoka.com","hoka"
"holdenouterwear.com","holden"
"holidaythelabel.com","holiday-the-label"
"hollandandholland.co.uk","holland-and-holland"
"hollisterco.com","hollister"
"hollyryan.com.au","holly-ryan"
"holzweileroslo.com","holzweiler"
"homie.com.au","homie"
"honest-basics.com","honest-basics"
"myhoneypunch.com","honey-punch"
"hopaal.com","hopaal"
"hopeandivy.co.uk","hope-and-ivy"
"hopelesslingerie.com","hopeless-lingerie"
"horizn-studios.com","horizn-studios"
"horizonathletic.com","horizon-athletic"
"horror-vacui.com","horror-vacui"
"hotsox.com","hot-sox"
"hottopic.com","hot-topic"
"houdinisportswear.com","houdini"
"houghtonnyc.com","houghton"
"housebrand.com","house"
"houseofaama.com","house-of-aama"
"houseofcb.com","house-of-cb"
"houseofholland.co.uk","house-of-holland"
"houseofsunny.co.uk","house-of-sunny"
"howies.co.uk","howies"
"huaywasi.com","huaywasi"
"hubfootwear.com","hub-footwear"
"hudsonjeans.com","hudson-jeans"
"hugoboss.com","hugo-boss"
"shophumanoid.com","humanoid"
"hummingbirdboutique.com.au","hummingbird-boutique"
"hunkemoller.com","hunkemoller"
"hunkydory.com","hunkydory"
"hunterboots.com","hunter"
"hunting-season.com","hunting-season"
"hunzag.com","hunza-g"
"hurley.com","hurley"
"hush-uk.com","hush"
"hushpuppies.com","hush-puppies"
"hutchnewyork.com","hutch"
"dk.hvisk.com","hvisk"
"hyergoods.com","hyer-goods"
"hyloathletics.com","hylo-athletics"
"hytwatches.com","hyt"
"iamgia.com","iamgia"
"ibana.nl","ibana"
"ibex.com","ibex"
"iceberg.com","iceberg"
"au.icebreaker.com","icebreaker"
"icebug.com","icebug"
"ichcha.com","ichcha"
"ichi.biz","ichi"
"icing.com","icing"
"id-eight.com","ideight"
"idendenim.com","iden"
"ihnomuhnit.co","ih-nom-uh-nit"
"ilagilag.com","ilag"
"ilandco.com","iland-co"
"ileanamakri.com","ileana-makri"
"ilkandernie.com","ilk-ernie"
"ilysm.com","ilysm"
"useimpacto.com.br","impacto-activewear-sustentavel"
"inamoratawoman.com","inamorata"
"indegoafrica.org","indego-africa"
"indiebridelondon.co.uk","indiebride"
"indigenous.com","indigenous"
"indosole.com","indosole"
"industryofallnations.com","industry-of-all-nations"
"infantiumvictoria.com","infantium-victoria"
"ingoldwetrust-official.com","in-gold-we-trust"
"inmindseye.com.au","inmindseye"
"innikachoo.com","innika-choo"
"intermixonline.com","intermix"
"inthesoulshine.com","in-the-soulshine"
"inthestyle.com","in-the-style"
"world.intimissimi.com","intimissimi"
"inwear.com","inwear"
"iodus.fr","iodus"
"ippolita.com","ippolita"
"iroparis.com","iro"
"ironroots.com","iron-roots"
"isabellennse.com","isabel-lennse"
"isabelmarant.com","isabel-marant"
"isaboulder.com","isa-boulder"
"isadore.com","isadore-apparel"
"ishkar.com","ishkar"
"islainbloom.com.au","isla-in-bloom"
"islaoficial.com.br","isla"
"lasislenas.com","islenas"
"isoldabrasil.com.br","isolda"
"isosceleslingerie.bigcartel.com","isosceles-lingerie"
"isotoner.com","isotoner"
"isto.pt","isto"
"ivanhoe.se","ivanhoe-of-sweden"
"ivy-oak.com","ivy-and-oak"
"ivyoak.com","ivy-oak"
"iwasasari.com","i-was-a-sari"
"izzylane.bigcartel.com","izzy-lane"
"jacintajames.com.au","jacinta-james"
"jackjones.com","jack-and-jones"
" ","jackfruit-the-label"
"jacknicklausapparel.com","jack-nicklaus"
"us.jackvartanian.com","jack-vartanian"
"jack-wolfskin.de","jack-wolfskin"
"jacandmooki.com","jac---mooki"
"jacobcohen.it","jacob-cohen"
"jacquemus.com","jacquemus"
"jacquesmariemage.com","jacques-marie-mage"
"jacquieaiche.com","jacquie-aiche"
"jacquie.com.au","jacqui-e"
"jadedldn.com","jaded-london"
"jadeswim.com","jade-swim"
"jadetrau.com","jade-trau"
"jaeger.co.uk","jaeger"
"jaggad.com","jaggad"
"jaggerandstone.com","jagger-and-stone"
"jag.com.au","jag"
"jakes.de","jakes"
"jamieandthejones.com","jamie-the-jones"
"en.jandmdavidson.com","jandm-davidson"
"janeatelier.com","jane"
"janekoenig.com","jane-koenig"
"janenorman.co.uk","jane-norman"
"jannjune.com","jan-n-june"
"jansport.com","jansport"
"jantzen.com","jantzen"
"jarlolondon.com","jarlo"
"jasonwustudio.com","jason-wu"
"jayjays.com.au","jay-jays"
"jcrew.com","jcrew"
"jeanerica.com","jeanerica"
"jeanswest.com.au","jeanswest"
"jemimasara.co.uk","jemimasara"
"jem-paris.com","jem"
"jenniferbehr.com","jennifer-behr"
"jenniferfisherjewelry.com","jennifer-fisher"
"jenniferzeuner.com","jennifer-zeuner"
"jennyfer.com","jennyfer"
"jennypackham.com","jenny-packham"
"jentabay.com","jenta-bay"
"jerome-dreyfuss.com","jerome-dreyfuss"
"jessicasimpson.com","jessica-simpson"
"jetset.ch","jetset"
"jhannahjewelry.com","j-hannah"
"jiajiajewelry.com","jia-jia"
"jigsaw-online.com","jigsaw"
"row.jimmychoo.com","jimmy-choo"
"jlindeberg.com","jlindeberg"
"joannalauraconstantine.com","joanna-laura-constantine"
"jockey.co.uk","jockey"
"thejodhpurcompany.com","jodhpur"
"joeboxer.com","joe-boxer"
"johansenofficial.com","johansen"
"johnelliott.com","john-elliott"
"international.johnhardy.com","john-hardy"
"johnjohndenim.com.br","john-john"
"johnlewis.com","john-lewis"
"johnnylove.com","johnnylove"
"johnrichmond.com","john-richmond"
"johnstonsofelgin.com","johnstons-of-elgin"
"joie.com","joie"
"jojomamanbebe.co.uk","jojo-maman-bebe"
"jonak-paris.com","jonak"
"jonathancohenstudio.com","jonathan-cohen"
"jonathansimkhai.com","jonathan-simkhai"
"jny.com","jones-new-york"
"joseph-fashion.com","joseph"
"joshua-sanders.com","joshua-sanders"
"joshv.com","josh-v"
"joslinstudio.com","joslin"
"joules.com","joules"
"joybc.co.uk","joy-bc"
"joynbags.com","joyn"
"joyya.nz","joyya"
"judithleiber.com","judith-leiber"
"julius-garden.jp","julius"
"juneyen.com","juneyen"
"junglefolk.com","jungle-folk"
"jungmaven.com","jungmaven"
"junkstudios.com.au","junk-studios"
"justcavalli.com","just-cavalli"
"justfab.co.uk","justfab"
"justfemale.com","just-female"
"justineclenquet.com","justine-clenquet"
"justjeans.com.au","just-jeans"
"justmysize.com","just-my-size"
"juunj.com","juunj"
"jwanderson.com","jw-anderson"
"jwpei.com","jw-pei"
"jyoti-fairworks.org","jyoti-fair-works"
"kaffe-clothing.com","kaffe"
"kalaurie.com.au","kalaurie"
"kampos.com","kampos"
"kannashoes.com","kanna-shoes"
"kappastore.eu","kappa"
"karenbysimonsen.com","karen-by-simonsen"
"karenkane.com","karen-kane"
"karenmillen.com","karen-millen"
"karenwalker.com","karen-walker"
"karitraa.com","kari-traa"
"karlacola.com","karlacola"
"karl.com","karl-lagerfeld"
"karrimor.com","karrimor"
"kask.com","kask"
"katespade.co.uk","kate-spade"
"katesylvester.com","kate-sylvester"
"katharinehamnett.com","katharine-hamnett"
"katherinehooker.com","katherine-hooker"
"katherineparr.com","katherine-parr"
"kathmandu.com.au","kathmandu"
"katies.com.au","katies"
"katkimfinejewelry.com","katkim"
"katla.com","katla"
"katthelabel.com","kat-the-label"
"kavat.com","kavat"
"kaykonecna.com","kay-konecna-studio"
"kayudesign.com","kayu"
"kcst.co","kcst"
"keds.com","keds"
"kekaiswimwear.com.au","kekai-swimwear"
"kendall-kylie.com","kendall-kylie"
"kennethize.net","kenneth-ize"
"kennethjaylane.com","kenneth-j-lane"
"wearkent.com","kent"
"kenzo.com","kenzo"
"en.kerbholz.com","kerbholz"
"keringeyewear.com","kering-eyewear"
"khaite.com","khaite"
"khaore.com","khaore"
"khirma.com","khirma"
"khiry.com","khiry"
"khrisjoy.com","khrisjoy"
"khujo.com","khujo"
"kiabishop.com","kiabi"
"kidsofbrokenfuture.com","kidsofbrokenfuture"
"kidsworldwide.shop","kids-worldwide"
"kikavargas.com","kika-vargas"
"kikidm.com","kiki-de-montparnasse"
"kiki.co.uk","kiki-mcdonough"
"kik.de","kik"
"killstar.com","killstar"
"kimai.com","kimai"
"kimberlymcdonald.com","kimberly-mcdonald"
"kimshui.net","kim-shui"
"kingacsilla.com","kinga-csilla"
"kingsofindigo.com","kings-of-indigo"
"kipling.com","kipling"
"kirrinfinch.com","kirrin-finch"
"kitandace.com","kit-and-ace"
"kiton.com","kiton"
"kitx.com.au","kitx"
"kjus.com","kjus"
"klattermusen.com","klattermusen"
"kllercollection.com","kller-jewelry"
"kluntje-fashion.com","kluntje"
"kmart.com.au","kmart-australia"
"knickey.com","knickey"
"knit-ted.com","knit-ted"
"knix.com","knix"
"knotkids.com","knot"
"knotti.co","knotti"
"knownsupply.com","known-supply"
"knowtheorigin.com","know-the-origin"
"koche.fr","koche"
"kohrfashion.com","kohr"
"koifootwear.com","koi-footwear"
"koio.co","koio"
"kokoworld.uk","kokoworld"
"koleha.com","koleha"
"kolor.jp","kolor"
"komodo.co.uk","komodo"
"komono.com","komono"
"kookai.com.au","kookai"
"kopperandzinkswimwear.com","kopper-and-zink"
"koral.com","koral"
"kordalstudio.com","kordal-studio"
" ","kotn"
"au.kowtowclothing.com","kowtow"
"en.krakatauwear.com","krakatau"
"kristinit.com","kristinit"
"krochetkids.org","krochet-kids"
"kseniaschnaider.com","kseniaschnaider"
"ksubi.com","ksubi"
"k-t-z.co.uk","ktz"
"kuboraum.com","kuboraum"
"kurtgeiger.com","kurt-geiger"
"kusagaathletic.com","kusaga-athletic"
"kutfromthekloth.com","kut-from-the-kloth"
"kuwaii.com.au","kuwaii"
"kuyichi.com","kuyichi"
"kwaidaneditions.com","kwaidan-editions"
"k-way.co.uk","k-way"
"kwiat.com","kwiat"
"kysal.com","kysal"
"kzeniya.com","kzeniya"
"labante.co.uk","labante"
"labelbythree.com","label-by-three"
"labrumlondon.com","labrum"
"lacalifornienne.com","la-californienne"
"lacoste.com","lacoste"
"ladoublej.com","la-doublej"
"lafilledo.com","la-fille-do"
"lafloreparis.com","laflore-paris"
"lafshar.com","lafshar"
"lafuma.com","lafuma"
"lahalle.com","la-halle"
"lalaberlin.com","lala-berlin"
"lalignenyc.com","la-ligne"
"lamadeclothing.com","lamade-clothing"
"lamoda.co.uk","lamoda"
"lana-shop.de","lana"
"lancel.com","lancel"
"landsend.com","lands-end"
"lanebryant.com","lane-bryant"
"lanewaythelabel.com","laneway-the-label"
"langerchen.com","langerchen"
"lanidor.com","lanidor"
"lanius.com","lanius"
"lanvin.com","lanvin"
"laperla.com","la-perla"
"shoplapointe.com","lapointe"
"lapuankankurit.fi","lapuan-kankurit"
"laquansmith.com","laquan-smith"
"laredoute.com","la-redoute"
"larelaxed.com","la-relaxed"
"larssonjennings.com","larsson-and-jennings"
"lascana.de","lascana"
"laseinetmoi.com","la-seine-and-moi"
"lasenza.com","la-senza"
"lastframe.jp","lastframe"
"latecheckoutissalifestyle.com","late-checkout"
"laudae.com","laudae"
"lauf.com.br","lauf"
"laundrybyshellisegal.com","laundry-by-shelli-segal"
"lauraashley.com","laura-ashley"
"lauraelizabethjewelry.com","laura-elizabeth-jewelry"
"lauratlombardi.com","laura-lombardi"
"laurasiegelcollection.com","laura-siegel-collection"
"lauratheiss.com","laura-theiss"
"laurence-dacade.com","laurence-dacade"
"laurencedelvallez.be","laurence-delvallez"
"laurencetavernier.fr","laurence-tavernier"
"laurenmanoogian.com","lauren-manoogian"
"lautem.com.au","lautem"
"lautrechose.com","lautre-chose"
"lavieenrose.com","la-vie-en-rose"
"lavishalice.com","lavish-alice"
"lazyoaf.com","lazy-oaf"
"ldp-homemade.de","ldp"
"leafysouls.com","leafy-souls"
"leannemarshall.com","leanne-marshall"
"lebiar.com","lebiar"
"lebuns.com.au","le-buns"
"lechateau.com","le-chateau"
"lecol.cc","le-col"
"lecoqsportif.com","le-coq-sportif"
"us.leemathews.com.au","lee-mathews"
"lefrik.com","lefrik"
"leftedit.com","left-edit"
"legend.rs","legend-world-wide"
"legier.la","legier"
"legramme.com","le-gramme"
"leilahafzi.com","leila-hafzi"
"lekasha.com","le-kasha"
"lekilt.co.uk","le-kilt"
"lelis.com.br","le-lis-blanc"
"lemlem.com","lemlem"
"leniswims.com","leni-swims"
"lennyniemeyer.com","lenny-neimeyer"
"lenversfashion.com","lenvers"
"leonaedmiston.com","leona-edmiston"
"leonandharper.com","leon-and-harper"
"leopizzo.com","leo-pizzo"
"en.le-petit-trou.com","le-petit-trou"
"lepirol.com","le-pirol"
"lesaltylabel.com.au","le-salty"
"lescoyotesdeparis.com","les-coyotes-de-paris"
"leselles.be","leselles"
"leset.com","leset"
"lesgirlslesboys.com","les-girls-les-boys"
"lesilla.com","le-silla"
"leslipfrancais.co.uk","le-slip-francais"
"lesoleildete.com","le-soleil-dete"
"lespecs.com","le-specs"
"lespetitsjoueurs.com","les-petits-joueurs"
"lesrecuperables.com","les-recuperables"
"lesreveriesnyc.com","les-reveries"
"les-sublimes.com","les-sublimes"
"lestien.com","les-tien"
"lestropeziennes.fr","les-tropeziennes-par-m-belarbi"
"letanneur.com","le-tanneur"
"letefemme.com.au","lete-femme"
"lethicia.com.br","lethicia-bronstein"
"level99jeans.com","level-99-jeans"
"levistrauss.com","levis"
"lgrworld.com","lgr"
"lhnjewelry.com","lhn"
"liesmertens.be","lies-martens"
"liewood.com","liewood"
"lilacandmila.com","lilac-and-mila"
"lilianvontrapp.com","lilian-von-trapp"
"lillysarti.com.br","lilly-sarti"
"ilovelilya.com","lilya"
"lilyoffrance.com","lily-of-france"
"lindex.com","lindex"
"lindsaynicholasnewyork.com","lindsay-nicholas-new-york"
"houseoffraser.co.uk","linea"
"lingadore.com","lingadore"
"lingynoiid.com","lingynoiid"
"lionelthelabel.com.au","lionel-the-label"
"liquornpoker.co.uk","liquor-n-poker"
"lisamariefernandez.com","lisa-marie-fernandez"
"lisasaysgah.com","lisa-says-gah"
"lisavontang.com","lisa-von-tang"
"lisa-yang.com","lisa-yang"
"liska.co.at","liska"
"littleliffner.com","little-liffner"
"littletienda.com.au","little-tienda"
"littleyellowbird.co.nz","little-yellow-bird"
"wearelively.com","lively"
"livetheprocess.com","live-the-process"
"livingcrafts.de","living-crafts"
"lizziemandler.com","lizzie-mandler"
"ljc-designs.com","ljc-designs"
"llbean.com","llbean"
"lloyd.com","lloyd"
"loavies.com","loavies"
"localeuropean.com","local-european"
"localluxeswim.com","local-luxe-swim"
"lociwear.com","loci"
"loefflerrandall.com","loeffler-randall"
"loewe.com","loewe"
"loft.com","loft"
"loishazel.com","lois-hazel"
"loisjeanstore.com","lois"
"londonfog.com","london-fog"
"londonw11.com","london-w11"
"londrebodywear.com","londre"
"lonelykidsclub.com","lonely-kids-club"
"lonelylabel.com","lonely-lingerie"
"longchamp.com","longchamp"
"loom.fr","loom"
"loopswim.com","loop-swim"
"loose-riders.com","loose-riders"
"loreerodkin.com","loree-rodkin"
"lorenstewart.com","loren-stewart"
"lornajane.com.au","lorna-jane"
"loropiana.com","loro-piana"
"losangelesapparel.net","los-angeles-apparel"
"lost-ink.co.uk","lost-ink"
"lostinparis.com.au","lost-in-paris"
"lostpropertyoflondon.com","lost-property-of-london"
"lottiehall.com","lottie-hall"
"louchelondon.com","louche"
"loud-proud.com","loud-proud"
"louisaparris.com","louisa-parris"
"louisemisha.com","louise-misha"
"louisleeman.com","louis-leeman"
"au.louisvuitton.com","louis-vuitton"
"louloustudio.fr","loulou-studio"
"loungenine.com","lounge-nine"
"lovbirddesign.com","lovbird-design"
"loveandconfuse.com","love-and-confuse"
"loveless-shop.jp","loveless"
"lovelinen.com.au","love-linen"
"lovjoi.com","lovjoi"
"lowclassic.com","low-classic"
"ilovelowie.com","lowie"
"shop.ltbjeans.com","ltb"
"lthjkt.com","lth-jkt"
"luckyteam.fr","lucky-team"
"lucyandyak.com","lucy-and-yak"
"lucy.com","lucy"
"luisacerano.com","luisa-cerano"
"shop.luismorais.com","luis-morais"
"luizabarcelos.com.br","luiza-barcelos"
"luizabotto.com.br","luiza-botto"
"lulifama.com","luli-fama"
"luluguinness.com","lulu-guinness"
"shop.lululemon.com","lululemon"
"lulus.com","lulus"
"lalunarose.com","luna-and-rose"
"lunaandsun.com","luna-sun"
"luneactive.com","lune-active"
"lunge.com","lunge"
"lunya.co","lunya"
"lurv.com.au","lurv"
"lusquinos.com","lusquinos"
"luvahuva.co.uk","luva-huva"
"lvirdtla.com","lvir"
"lygiaenanny.com.br","lygia-and-nanny"
"lyleandscott.com","lyle-and-scott"
"lylouthelabel.com","lylou-the-label"
"m2malletier.com","m2malletier"
"studiomaatie.com","maatie"
"macgraw.com","macgraw"
"shopmachete.com","machete"
"mackintosh.com","mackintosh"
"mac-jeans.com","mac-mode"
"macpac.co.nz","macpac"
"madewell.com","madewell"
"madiamatilda.co.uk","madia-and-matilda"
"magdabutrym.com","magda-butrym"
"magentathreads.com","magenta-threads"
"maggiemarilyn.com","maggie-marilyn"
"magpiegoose.com","magpie-goose"
"maisiewilen.com","maisie-wilen"
"maison123.com","maison-123"
"maison-close.com","maison-close"
"en.maisonheroine.com","maison-heroine"
"maisonkitsune.com","maison-kitsune"
"maisonlabiche.com","maison-labiche"
"maisonmarais.com","maison-marais"
"maisonmargiela.com","maison-margiela"
"michel-paris.com","maison-michel"
"miharayasuhiro.jp","maison-mihara-yasuhiro"
"maiyet.com","maiyet"
"us.maje.com","maje"
"majesticfilatures.com","majestic-filatures"
"majesticathletic.com","majestic"
"makeanimpactclothing.com.au","make-an-impact"
"make-land.com","make"
"makiaclothing.com","makia"
"malaikanewyork.com","malaika-new-york"
"malo.it","malo"
"malonesouliers.com","malone-souliers"
"mamalicious.com","mamalicious"
"mammut.com","mammut"
"mandala-fashion.com","mandala"
"manduka.com","manduka"
"manebi.com","manebi"
"shop.mango.com","mango"
"manitobah.ca","manitobah-mukluks"
"manningcartell.com.au","manning-cartell"
"themanola.com","manola"
"manoloblahnik.com","manolo-blahnik"
"mansurgavriel.com","mansur-gavriel"
"manuatelier.com","manu-atelier"
"manuelahenriques.com.br","manuela-henriques"
"maraandmine.com","mara-and-mine"
" ","mara-hoffman"
"marceloburlon.eu","marcelo-burlon-county-of-milan"
"marchesa.com","marchesa"
"march-lab.com","march-lab"
"marciawear.com","marcia"
"marcjacobs.com","marc-jacobs"
"marcodevincenzo.com","marco-de-vincenzo"
"marc-o-polo.com","marc-opolo"
"marfastance.com","marfa-stance"
"margudesign.com","margu"
"en.marhenj.com","marhenj"
"mariahrovery.com.br","mariah-rovery"
"mariatailor.com","maria-tailor"
"mariatash.com","maria-tash"
"mariejo.com","marie-jo"
"marimekko.com","marimekko"
"marinelayer.com","marine-layer"
"marineserre.com","marine-serre"
"maritamoreno.com","marita-moreno"
"markcross.com","mark-cross"
"marksandspencer.com","marks-and-spencer"
"marle.co.nz","marle"
"marliesdekkers.com","marlies-dekkers"
"marlokids.shop","marlo-kids"
"marlowandmae.com","marlow-and-mae"
"marmot.com","marmot"
"marni.com","marni"
"marquesalmeida.com","marques-almeida"
"marsell.it","marsell"
"martalarsson.com","marta-larsson"
"marthamedeiroslabel.com","martha-medeiros"
"martinaspetlova.com","martina-spetlova"
"martvisser.nl","mart-visser"
"marykatrantzou.com","mary-katrantzou"
"marysia.com","marysia"
"maryyoung.com","mary-young"
"mashu.co.uk","mashu"
"masongarments.com","mason-garments"
"massimodutti.com","massimo-dutti"
"masterpeace.ru","masterpeace"
"matalan.co.uk","matalan"
"matatraders.com","mata-traders"
"mateonewyork.com","mateo"
"materieltbilisi.com","materiel"
"matethelabel.com","mate-the-label"
"matinstudio.com","matin"
"matri.com.br","matri"
"mattandnat.com","matt-and-nat"
"int.matteau-store.com","matteau"
"shop.matterprints.com","matter"
"maudandmarjorie.com","maud-and-marjorie"
"maurices.com","maurices"
"maurieandeve.com","maurie-and-eve"
"mavic.com","mavic"
"maximilian.it","maximilian"
"maxshop.com","max"
"maxmara.com","max-mara"
"mayaeco.com","maya-eco"
"mayamagal.co.uk","maya-magal"
"mayamiko.com","mayamiko"
"mc2saintbarth.com","mc2-saint-barth"
"mcmworldwide.com","mcm"
"mctavish.com.au","mctavish-surf"
"meadowlarkjewellery.co.uk","meadowlark-jewellery"
"meemoza.ca","meemoza"
"meilirose.com","mei-li-rose"
"mejuri.com","mejuri"
"melawear.de","melawear"
"meliebianco.com","melie-bianco"
"melissajoymanning.com","melissa-joy-manning"
"melissa.com.br","melissa"
"odabash.com","melissa-odabash"
"mellowyellow.com","mellow-yellow"
"mercadoglobal.org","mercado-global"
"merrell.com","merrell"
"merrypeople.com","merry-people"
"meshki.com.au","meshki"
"messika.com","messika"
"meundies.com","meundies"
"miakodanewyork.com","miakoda"
"miaou.com","miaou"
"micaelagreg.com","micaela-greg"
"michaelkors.com","michael-kors"
"michaellosordo.com","michael-lo-sordo"
"michelle-oh.com","michelle-oh"
"michiny.com","michi"
"midasshoes.com.au","midas"
"migaswimwear.com","miga-swimwear"
"mightygoodbasics.com","mighty-good-basics"
"mih-jeans.com","mih-jeans"
"miik.ca","miik"
"milanthelabel.com.au","milan-the-label"
"milavert.com","milavert"
"milonicki.com","milonicki"
"mimco-accessories.com","mimco"
"mimiholvast.com","mimi-holvast"
"mimiprober.com","mimi-prober"
"mingalondon.com","minga-london"
"minimalist.nyc","minimalist"
"minimumfashion.com","minimum"
"ministryofsupply.com","ministry-of-supply"
"minjukim.co","minjukim"
"mintvelvet.co.uk","mint-velvet"
"minuitsurterre.com","minuit-sur-terre"
"minx-mode.com","minx"
"mipacha.com","mipacha"
"miramikati.com","mira-mikati"
"shopmirandabennett.com","miranda-bennett-studio"
"misbhv.com","misbhv"
"mishanonoo.com","misha-nonoo"
"miska-paris.com","miska-paris"
"missetam.nl","miss-etam"
"missoni.com","missoni"
"miumiu.com","miu-miu"
"mizukijewels.com","mizuki"
"mizuno.com.au","mizuno"
"mmeasdavik.com","mme-a-s-davik"
"modcloth.com","modcloth"
"moderncitizen.com","modern-citizen"
"us.modibodi.com","modibodi"
"modstrom.com","modstrom"
"mohito.com","mohito"
"mollini.com.au","mollini"
"mollybracken.com","molly-bracken"
"mollygoddard.com","molly-goddard"
"moma.it","moma"
"momocobikini.com","momoco-bikini"
"monclondon.com","monc"
"moncler.com","moncler"
"mondaine.com.au","mondaine"
"mondayswimwear.com","monday-swimwear"
"mondo-mondo.com","mondo-mondo"
"monicavinader.com","monica-vinader"
"monies.dk","monies"
"moniquepean.com","monique-pean"
"monkeegenes.com","monkee-genes"
"monki.com","monki"
"monse.com","monse"
"monsoonblooms.com","monsoon-blooms"
"uk.monsoon.co.uk","monsoon"
"ihascupquake.com","moody-me"
"more-and-more.de","more-and-more"
"morebody.com.au","more-body"
"morgandetoi.be","morgan"
"morgan-lane.com","morgan-lane"
"babymori.com","mori"
"mortonmac.com.au","morton-mac"
"moschino.com","moschino"
"mosscopenhagen.com","moss-copenhagen"
"mostprominent.co","most-prominent-co"
"motelrocks.com","motel"
"motherdenim.com","mother"
"motherofpearl.co.uk","mother-of-pearl"
"mottandbow.com","mott-and-bow"
"mou-online.com","mou"
"moumout.com","moumout"
"mountainhardwear.com","mountain-hardwear"
"moynat.com","moynat"
"mpgsport.com","mpg-sport"
"mpmassimopiombo.com","mp-massimo-piombo"
"mmi.it","mr-and-mrs-italy"
"mrjoneswatches.com","mr-jones-watches"
"ilovemrmittens.com","mr-mittens"
"msgm.it","msgm"
"muchachomalo.com","muchachomalo"
"muddjeans.com","mudd"
"mudjeans.eu","mud-jeans"
"muji.com","muji"
"mulberry.com","mulberry"
"munsthebrand.com","muns"
"musclerepublic.com","muscle-republic"
"musier-paris.com","musier-paris"
"muun.fr","muun"
"muzungusisters.com","muzungu-sisters"
"mybeachyside.com","my-beachy-side"
"myessentialwardrobe.com","my-essential-wardrobe"
"mykita.com","mykita"
"mykkehofmann.com","mykke-hoffmann"
"myla.com","myla"
"mymarini.com","mymarini"
"myomy.nl","myomy"
"numeroventuno.com","n-21"
"naadam.co","naadam"
"nae-vegan.com","nae"
"nafnaf.com","naf-naf"
"nagnata.com","nagnata"
"naja.co","naja"
"na-kd.com","na-kd"
"nakedwardrobe.com","naked-wardrobe"
"uk.nakedwolfe.com","naked-wolfe"
"nalho.eu","nalho"
"nanajudy.com","nana-judy"
"nannacay.com","nannacay"
"nanushka.com","nanushka"
"napapijri.com","napapijri"
"narcisorodriguez.com","narciso-rodriguez"
"nastygal.com","nasty-gal"
"nat-2.eu","nat-2"
"nataliemariejewellery.com","natalie-marie-jewellery"
"natalieperryjewellery.com","natalie-perry"
"natalierolt.com","natalie-rolt"
"reve-en-vert.com","natalija"
"nat-nin.fr","nat-and-nin"
"nataschavonhirschhausen.com","natascha-von-hirschhausen"
"natashaschweitzer.com","natasha-schweitzer"
"natashatonic.com","natasha-tonic"
"natashazinko.com","natasha-zinko"
"natvbasics.com","nativ-basics"
"natori.com","natori"
"naturaselection.com","natura"
"nau.com","nau"
"nautica.com","nautica"
"naz.pt","naz"
"needles.jp","needles"
"neilbarrett.com","neil-barrett"
"nenaandco.com","nena-and-co"
"neococo.com","neococo"
"nepacrafts.com","nepacrafts"
"neriage.com.br","neriage"
"netterose.com","nette-rose"
"neunomads.com","neu-nomads"
"neuwdenim.eu","neuw"
"neverfullydressed.co.uk","never-fully-dressed"
"nevernot.co.uk","nevernot"
"newbalance.co.uk","new-balance"
"newlook.com","new-look"
"newyorker.de","new-yorker"
"nznaturalclothingshop.co.nz","new-zealand-natural-clothing"
"ngali.com.au","ngali"
"nialaya.com","nialaya"
"nicceclothing.com","nicce"
"nicemartin.com","nice-martin"
"nicholasthelabel.com","nicholas"
"nicholaskirkwood.com","nicholas-kirkwood"
"nicounderwear.com","nico"
"nicolebridger.com","nicole-bridger"
"nicolemiller.com","nicole-miller"
"nightswimbrand.com","nightswim"
"nikandnik.com","nikandnik"
"nikinclothing.com","nikin"
"nikkie.com","nikkie"
"nililotan.com","nili-lotan"
"uk.nimbleactivewear.com","nimble"
"ninanest.com","nina-nest"
"ninarein.com","nina-rein"
"ninaricci.com","nina-ricci"
"ninayuun.com","nina-yuun"
"ninetofive.biz","nine-to-five"
"ninetypercent.com","ninety-percent"
"ninewest.com","nine-west"
"nisa.co.nz","nisa"
"nisolo.com","nisolo"
"nkstore.com.br","nk-store"
"noah-shop.com","noah"
"noanifashion.de","noani"
"nobodydenim.com","nobody-denim"
"nobodyschild.com","nobodys-child"
"noctu.co.uk","noctu"
"nodaleto.com","nodaleto"
"noisymay.com","noisy-may"
"noize.com","noize"
"shopnokaoi.com","no-ka-oi"
"nomadicstateofmind.com","nomadic-state-of-mind"
"nomadsclothing.com","nomads-clothing"
"nomia-nyc.com","nomia"
"nomidesigns.ca","nominou"
"nomos-glashuette.com","nomos-glashutte"
"nonasties.in","no-nasties"
"shopnood.com","nood"
"noondaycollection.com","noonday-collection"
"noorfares.com","noor-fares"
"norba.clothing","norba"
"nordenproject.com","norden"
"norlha.com","norlha"
"norrona.com","norrona"
"webstore.northsails.com","north-sails"
"nothingnew.com","nothing-new"
"thenotours.com","not-ours"
"nou-menon.com","noumenon"
"gonovesta.com","novesta"
"npeal.com","npeal"
"petersheppard.com.au","nr-rapisardi"
"nubeusa.com","nube"
"nubikk.com","nubikk"
"anrdoezrs.net","nudie-jeans"
"nu-in.com","nu-in"
"number9fashion.com","number-9-fashion"
"nununuworld.com","nununu"
"thenxtstop.com","nxtstop"
"oakandfort.com","oakfort"
"au.oakley.com","oakley"
"oakmeadow.com.au","oak-meadow-clothing"
"oakwood.fr","oakwood"
"obeyclothing.co.uk","obey"
"objectci.com","object"
"obus.com.au","obus"
"oceanpacific.com","ocean-pacific"
"oddbirdco.com","oddbird"
"oddish.com.au","oddish"
"oddmolly.com","odd-molly"
"odlo.com","odlo"
"office.co.uk","office"
"officinecreative.store","officine-creative"
"off---white.com","off-white"
"ognx.com","ognx"
"ohoyswim.com","ohoy-swim"
"ohpolly.com","oh-polly"
"ohsevendays.com","ohsevendays"
"oilily.com","oilily"
"oiselle.com","oiselle"
"okapi.com","okapi"
"us.okyofficial.com","oky"
"olderbrother.us","olderbrother"
"oldnavy.gap.com","old-navy"
"olelynggaard.com","ole-lynggaard-copenhagen"
"olend.net","olend"
"olgajoan.co","olga-joan"
"olgaintimates.com","olga"
"olisticthelabel.com","olistic-the-label"
"oliveclothing.com","olive"
"oliverbonas.com","oliver-bonas"
"oliverlogan.com","oliver-logan"
"oliviagracefashion.com","olivia-grace"
"oliviavonhalle.com","olivia-van-halle"
"olmstedouterwear.com","olmsted-outerwear"
"olympiah.com.br","olympiah"
"omiwoods.com","omi-woods"
"omnes.com","omnes"
"omybag.nl","o-my-bag"
"oneallevery.com","one-all-every"
"oneill.com","oneill"
"onepiece.com","onepiece"
"onestep.fr","one-step"
"onevintagedesigns.com","one-vintage"
"onia.com","onia"
"onitsukatiger.com","onitsuka-tiger"
"on-running.com","on"
"onlyjust.com.au","only-just"
"openingceremony.com","opening-ceremony"
"operasport.net","opera-sport"
"orbasics.com","orbasics"
"organicbasics.com","organic-basics"
"organicbyjohnpatrick.com","organic-by-john-patrick"
"organiccrew.com.au","organic-crew"
"organiquestudio.com","organique"
"orientavida.org.br","orientavida"
"originalpenguin.com","original-penguin"
"originafrica.co.uk","origin"
"elhanati.com","orit-elhanati"
"ortovox.com","ortovox"
"shoposborn.com","osborn"
"oscardelarenta.com","oscar-de-la-renta"
"oseiduro.com","osei-duro"
"oshadi.in","oshadi"
"osklen.com","osklen"
"osoi.co.kr","osoi"
"ota-paris.com","ota"
"otisbatterbee.com","otis-batterbee"
"otiumberg.com","otiumberg"
"otto.de","otto"
"ottomanhands.com","ottoman-hands"
"ourlegacy.se","our-legacy"
"outdoorvoices.com","outdoor-voices"
"outerknown.com","outerknown"
"outlanddenim.com","outland-denim"
"ovsfashion.com","ovs"
"oysurf.com","oy"
"oysho.com","oysho"
"p448.com","p448"
"paapiidesign.com","paapii-design"
"pablo.fr","pablo"
"pacorabanne.com","paco-rabanne"
"pacsun.com","pacsun"
"wearpact.com","pact"
"paige.com","paige"
"palaeyewear.com","pala-eyewear"
"palava.co","palava"
"palladiumboots.com","palladium"
"store.palmangels.com","palm-angels"
"palmerharding.com","palmerharding"
"palomawool.com","paloma-wool"
"pamutapparel.com","pamut"
"panaasheorganics.com","panaashe-organics"
"panafrica-store.com","panafrica"
"panamajack.fr","panama-jack"
"panamunaproject.com.au","panamuna-project"
"pandora.net","pandora"
"thepangaia.com","pangaia"
"pansy.co","pansy"
"pantee.co.uk","pantee"
"papayaclothing.com","papaya"
"paperlondon.com","paper-london"
"parachutehome.com","parachute"
"yourparade.com","parade"
"parajumpers.it","parajumpers"
"int.paredeyewear.com","pared-eyewear"
"parfois.com","parfois"
"pariafarzaneh.com","paria-farzaneh"
"parisgeorgiastore.com","paris-georgia"
"parkerclay.com","parker-clay"
"par-moi.com","par-moi"
"parosh.com","parosh"
"partsof4.com","parts-of-four"
"parttwo.com","part-two"
"parvastudios.com","parva-studios"
"pasqualebruni.com","pasquale-bruni"
"passavantandlee.com","passavant-and-lee"
"passionlilie.com","passion-lilie"
"avantlink.com","patagonia"
"patbo.com","patbo"
"patek.com","patek-philippe"
"patou.com","patou"
"patrickmcdowell.co.uk","patrick-mcdowell"
"patriziapepe.com","patrizia-pepe"
"patta.nl","patta"
"paulacanovasdelvas.com","paula-canovas-del-vas"
"paulandjoe.com","paul-and-joe-sister"
"paulandrew.com","paul-andrew"
"pauleka.com","paule-ka"
"paulsmith.com","paul-smith"
"payless.com","payless-shoesource"
"peainapod.com.au","pea-in-a-pod"
"peakperformance.com","peak-performance"
"pellibags.com.au","pelli"
"onepeloton.com.au","peloton"
"pe-nation.com","pe-nation"
"penelopechilvers.com","penelope-chilvers"
"pennandink-ny.com","pennandink-ny"
"peonyswimwear.com","peony"
"peopletree.eu","people-tree"
"pepejeans.com","pepe-jeans"
"perfectmoment.com","perfect-moment"
"permanentvacation.com.au","permanent-vacation"
"perrinparis.com","perrin-paris"
"gb.marinarinaldi.com","persona-by-marina-rinaldi"
"peteralexander.com.au","peter-alexander"
"peterpilotto.com","peter-pilotto"
"petit-bateau.com","petit-bateau"
"petitegrand.com","petite-grand"
"petitestudionyc.com","petite-studio"
"petitkouraj.com","petit-kouraj"
"shop.petitpli.com","petit-pli"
"pfeifferthelabel.com","pfeiffer"
"pfflyers.com","pf-flyers"
"shop.pga.com","pga-tour"
"phil-and-lui.de","phil-and-lui"
"philippemodel.com","philippe-model"
"plein.com","philipp-plein"
"philosophyofficial.com","philosophy-di-lorenzo-serafini"
"phoebecoleman.com","phoebe-coleman"
"phyne.com","phyne"
"piazzaitalia.it","piazza-italia"
"project-pico.com","pico"
"picture-organic-clothing.com","picture"
"pieces.com","pieces"
"pierrehardy.com","pierre-hardy"
"piferi.com","piferi"
"pilgrimclothing.com.au","pilgrim-clothing"
"pilyq.com","pilyq"
"pimkie.com","pimkie"
"pinko.com","pinko"
"pinqponq.com","pinqponq"
"pippaholt.com","pippa-holt"
"pippasmall.com","pippa-small"
"pitusa.co","pitusa"
"piubrand.com","piu-brand"
"pjsalvage.com","p-j-salvage"
"plan-c.com","plan-c"
"plantfacedclothing.com","plant-faced"
"en.pleatsmama.com","pleatsmama"
"pleinsport.com","plein-sport"
"pocsports.com","poc-sports"
"polaroideyewear.com","polaroid"
"eng.polene-paris.com","polene"
"politeworldwide.com","polite-worldwide"
"pollywales.com","polly-wales"
"pom-amsterdam.com","pom-amsterdam"
"pomellato.com","pomellato"
"popmyway.co.uk","pop-my-way"
"poppiethelabel.com","poppie-the-label"
"poppybarley.com","poppy-barley"
"poptradingcompany.com","pop-trading-company"
"portdebras.com","port-de-bras"
"portmans.com.au","portmans"
"ports1961.com","ports-1961"
"portspure.com","portspure"
"portsv.com","ports-v"
"poster-girl.com","poster-girl"
"plfdreams.com","pour-les-femmes"
"po-zu.com","po-zu"
"pqswim.com","pq"
"prabalgurung.com","prabal-gurung"
"prada.com","prada"
"prairieunderground.com","prairie-underground"
"prana.com","prana"
"preenbythorntonbregazzi.com","preen-by-thornton-bregazzi"
"premiata.it","premiata"
"prescasportswear.com","presca"
"pressio.com","pressio"
"prettylittlething.com","prettylittlething"
"prevustudio.com","prevu"
"primark.com","primark"
"princesshighway.com.au","princess-highway"
"us.princesspolly.com","princess-polly"
"printfresh.com","printfresh"
"printful.com","printful"
"printify.com","printify"
"wearproclaim.com","proclaim"
"proenzaschouler.com","proenza-schouler"
"promiss.nl","promiss"
"promod.eu","promod"
"shopproof.com","proof"
"protest.eu","protest"
"pt-torino.com","pt-torino"
"publichabit.com","public-habit"
"publicschoolnyc.com","public-school"
"pubumesu.com","pubumesu"
"pullandbear.com","pull-and-bear"
"pulzjeans.com","pulz-jeans"
"puma.com","puma"
"puralopez.com","pura-lopez"
"pureapparel.com.au","pure-apparel"
"puremagnolia.ca","pure-magnolia"
"purepod.com.au","pure-pod"
"puritylacedesigns.com.au","purity-lace-designs"
"shoppurnama.com","purnama"
"purushapeople.co","purusha-people"
"pyermoss.com","pyer-moss"
"pyua.de","pyua"
"quazidesign.com","quazi-design"
"quiksilver.com","quiksilver"
"onequince.com","quince"
"quizclothing.co.uk","quiz"
"qwstion.com","qwstion"
"r13denim.eu","r13"
"rachelgilbert.us","rachel-gilbert"
"rado.com","rado"
"christopherraeburn.co.uk","raeburn"
"raen.com","raen"
"rafausa.com","rafa"
"rafaellasportswear.com","raffaella"
"rag-bone.com","rag-and-bone"
"ragbagstudio.com","ragbag"
"ragwear.com","ragwear"
"rahulmishra.in","rahul-mishra"
"rains.com","rains"
"rampage.com","rampage"
"rapanuiclothing.com","rapanui"
"rapha.cc","rapha"
"rapportlondon.com","rapport"
"rathelwolf.com","rathel-and-wolf"
"ravenandlily.com","raven-lily"
"rave-review.com","rave-review"
"ray-ban.com","ray-ban"
"realisationpar.com","realisation-par"
"rebeccataylor.com","rebecca-taylor"
"rebeccavallance.com","rebecca-vallance"
"re-bello.com","re-bello"
"kolonmall.com","re-code"
"studioreco.com","reco"
"recolution.de","recolution"
"recreateclothing.co.nz","recreate"
"recreationalhabits.com","recreational-habits"
"redemption.com","redemption"
"shopredone.com","redone"
"redraft-clothing.com","redraft"
"redrewclothing.com","redrew"
"reebok.co.uk","reebok"
"reef.com","reef"
"reer3.com","reer3"
"reflectstudio.com","reflect-studio"
"reflexone.co.uk","reflexone"
"thereformation.com","reformation"
"theregattashop.com.au","regatta-australia"
"regatta.com","regatta"
"rehash.it","re-hash"
"reigningchamp.com","reigning-champ"
"rei.com","rei"
"reinaldolourenco.com.br","reinaldo-lourenco"
"reiss.com","reiss"
"reitmans.com","reitmans"
"rejinapyo.com","rejina-pyo"
"remain.co.nz","remain"
"renaissancerenaissance.com","renaissance-renaissance"
"renecaovilla.com","rene-caovilla"
"reneelewisjewelry.com","renee-lewis"
"rentrayage.com","rentrayage"
"reserved.com","reserved"
"residusofficial.com","residus"
"re-sin.com","re-sin"
"restyle.fi","restyle"
"resultrecycled.com","result-genuine-recycled"
"retrosuperfuture.com","retrosuperfuture"
"retrouvai.com","retrouvai"
"revolveclothing.com.au","revolve"
"riannaandnina.com","rianna-and-nina"
"riceandcarry.com","rice-and-carry"
"richandroyal.de","rich-and-royal"
"richardquinn.london","richard-quinn"
"rickowens.eu","rick-owens"
"riellibrand.com","rielli"
"rifo-lab.com","rifo"
"rigards.com","rigards"
"riley.studio","riley-studio"
"rimowa.com","rimowa"
"riodesol.com","rio-de-sol"
"ripcurl.com","rip-curl"
"us.riverisland.com","river-island"
"rivers.com.au","rivers"
"riverwoods.net","river-woods"
"rivieras.com","rivieras"
"rixo.co.uk","rixo"
"rjwatches.com","rj-watches"
"rmwilliams.com.au","rmwilliams"
"uk.clergerieparis.com","robert-clergerie"
"robertocavalli.com","roberto-cavalli"
"roberts-wood.com","roberts-wood"
"robinsjean.com","robins-jean"
"robynlynch.co.uk","robyn-lynch"
"rochas.com","rochas"
"rociocanvas.com.br","rocio-canvas"
"rockay.com","rockay"
"rockmans.com.au","rockmans"
"rockonruby.co.uk","rock-on-ruby"
"rodebjer.com","rodebjer"
"uk.rodo.it","rodo"
"rogervivier.com","roger-vivier"
"rokit.co.uk","rokit-vintage"
"roksanda.com","roksanda"
"rolandmouret.com","roland-mouret"
"romancewasborn.com","romance-was-born"
"rombaut.com","rombaut"
"us.romwe.com","romwe"
"roomshopvintage.com","room-shop-vintage"
"roopapemmaraju.com","roopa"
"itsrooper.co.uk","roop"
"roots.com","roots"
"rosamosa.com","rosa-mosa"
"rosamosario.com","rosamosario"
"rosantica.com","rosantica"
"rosemunde.com","rosemunde"
"roseandreggie.com","rose-reggie"
"rosettagetty.com","rosetta-getty"
"rosieassoulin.com","rosie-assoulin"
"rossignol.com","rossignol"
"rotatebirgerchristensen.com","rotate"
"en.rotholz-store.com","rotholz"
"rothys.com","rothys"
"rough-studios.com","rough-studios"
"rouje.com","rouje"
"rovedesigns.com","rove"
"rowingblazers.com","rowing-blazers"
"roxanneassoulin.com","roxanne-assoulin"
"roxyaustralia.com.au","roxy"
"royalrepubliq.com","royal-republiq"
"jrozenbroek.com","rozenbroek"
"rpm.co.nz","rpm"
"rtabrand.com","rta"
"rubinsinger.com","rubin-singer"
"shop.rubynz.com","ruby"
"rubylove.com","rubylove"
"rubytuesday.nl","ruby-tuesday"
"rudyjude.com","rudy-jude"
"ruifier.com","ruifier"
"international.rumisu.com","rumisu"
"shoprumours.com","rumours"
"rupahaus.com","rupahaus"
"russellathletic.com","russell-athletic"
"ruthtomlinson.com","ruth-tomlinson"
"rvca.com","rvca"
"ronaldvanderkemp.com","rvdk"
"ryan-roche.com","ryan-roche"
"saalt.com","saalt"
"saanajaolli.com","saana-ja-olli"
"saba.com.au","saba"
"sacai.jp","sacai"
"sachinandbabi.com","sachin-and-babi"
"sacoorbrothers.com","sacoor-brothers"
"sagebrushbags.com","sagebrush-surf-bags"
"sagelarock.com","sage-larock"
"saiid-kobeisy.com","saiid-kobeisy"
"saintbasics.com","saint-basics"
"ysl.com","saint-laurent"
"sainttropez.com","saint-tropez"
"salewa.com","salewa"
"sallie-sahne.de","sallie-sahne"
"salomon.com","salomon"
"saloniworld.com","saloni"
"salsajeans.com","salsa-jeans"
"saltgypsy.com","salt-gypsy"
"saltyswimwear.com.au","salty-swimwear"
"ferragamo.com","salvatore-ferragamo"
"samanthapleet.com","samantha-pleet"
"samimirovintage.com","sami-miro-vintage"
"samsoe.com","samsoe-samsoe"
"samuelguiyang.com","samuel-gui-yang"
"samuji.com","samuji"
"sandqvist.com","sandqvist"
"us.sandro-paris.com","sandro"
"sandsnowlinen.com","sand-snow-linen"
"sandwichfashion.co.uk","sandwich"
"sandyliang.info","sandy-liang"
"sanikai.com","sanikai"
"sansbeast.com","sans-beast"
"santicler.com","santicler"
"santonishoes.com","santoni"
"santosbymonica.com","santos-by-monica"
"sapph.com","sapph"
"sarabattaglia.com","sara-battaglia"
"sarahchofakian.com.br","sarah-chofakian"
"sarahflint.com","sarah-flint"
"sarahsbag.com","sarahs-bag"
"sassandbide.com","sass-and-bide"
"sassclothing.com.au","sass-clothing"
"satisfyrunning.com","satisfy"
"satomistudio.com","satomi-studio"
"saucony.com","saucony"
"savagex.com","savage-x-fenty"
"savannahmorrow.com","savannah-morrow-the-label"
"savariswimwear.com","savari-swimwear"
"savetheduckusa.com","save-the-duck"
"sayadesigns.com","s-a-y-a"
"sayebrand.com","saye"
"saylor.nyc","saylor"
"schiaparelli.com","schiaparelli"
"schiesser.com","schiesser"
"schoeffel.com","schoffel"
"schottnyc.com","schott-nyc"
"schutz-shoes.com","schutz"
"scotch-soda.com","scotch-and-soda"
"azbelt.com","scottsdale-belt-company"
"sdress.com","sdress"
"seafolly.com.au","seafolly"
"sea-ny.com","sea"
"sealandgear.com","sealand"
"seamsfriendly.com","seamsfriendly"
"seasaltcornwall.com","seasalt"
"secndnture.com","secndnture"
"theseea.com","seea"
" ","seek-collective"
"seeker.earth","seeker"
"see-u-soon.fr","see-u-soon"
"seidensticker.com","seidensticker"
"selected.com","selected"
"selfawear.com.au","selfawear"
"self-cinema.com","self-cinema"
"self-portrait-studio.com","self-portrait"
"selimmouzannar.com","selim-mouzzanar"
"selvanegra.us","selva-negra"
"semsem.com","semsem"
"senreve.com","senreve"
"sense-organics.com","sense-organics"
"sensistudio.com","sensi-studio"
"senso.com.au","senso"
"septembertheline.com","september"
"sergiorossi.com","sergio-rossi"
"sergiotacchini.com","sergio-tacchini"
"en.serpui.com.br","serpui"
"sessun.com","sessun"
"sevanbicakci.com","sevan-bicakci"
"seventymochi.com","seventy---mochi"
"sezane.com","sezane"
"sfera.com","sfera"
"shainamote.com","shaina-mote"
"shamballajewels.com","shamballa-jewels"
"shanghaitang.com","shanghai-tang"
"sharperimage.com","sharper-image"
"shaunleane.com","shaun-leane"
"sheego.de","sheego"
"us.shein.com","shein"
"shekouwoman.com","shekou"
"sherris.shop","sherris"
"shihara.com","shihara"
"shiwi.com","shiwi"
"sholabranson.com","shola-branson"
"showpo.com","showpo"
"sianswimwear.com","sian-swimwear"
"sicksadgirls.com","sick-sad-girls-shop"
"sidneygarber.com","sidney-garber"
"siedres.com","siedres"
"siesmarjan.com","sies-marjan"
"silkenfavours.com","silken-favours"
"silklaundry.com.au","silk-laundry"
"siloulondon.com","silou"
"silviatcherassi.com","silvia-tcherassi"
"simetrie.com.au","simetrie"
"simonerocha.com","simone-rocha"
"simonettaravizza.com","simonetta-ravizza"
"simonmillerusa.com","simon-miller"
"simons.ca","simons"
"simplethebrand.com","simple"
"sinequanone.com","sinequanone"
"sinerji.com.au","sinerji"
"sinner.eu","sinner"
"sin-say.com","sinsay"
"sirthelabel.com","sir-the-label"
"sisterjane.com","sister-jane"
"sixlondon.com","six-london"
"skechers.com","skechers"
"skfk-ethical-fashion.com","skfk"
"skims.com","skims"
"skinworldwide.com","skin"
"skiny.com","skiny"
"the-sleeper.com","sleeper"
"sleepingwithjacques.com","sleeping-with-jacques"
"uk.sloggi.com","sloggi"
"smaakamsterdam.com","smaak-amsterdam"
"smallsmerino.co.uk","smalls-merino"
"smartwool.com","smartwool"
"smashed-lemon.com","smashed-lemon"
"smythson.com","smythson"
"sndstne.com","sndstne"
"soakedinluxury.com","soaked-in-luxury"
"societywild.com.au","societywild"
"sofiathelabel.com","sofia-the-label"
"softandwetundies.com","softandwet"
"sogoodtowear.com","so-good-to-wear"
"soiakyo.com","soia-and-kyo"
"soleilsoleil.com.au","soleil-soleil"
"solerebels.com","solerebels"
"so-le-studio.com","so-le-studio"
"solidandstriped.com","solid-and-striped"
"soliver.eu","soliver"
"solyoro.com.ar","sol-y-oro"
"soma.com","soma"
"songofstyle.com","song-of-style"
"sonomaoutfitters.com","sonoma"
"sophiawebster.com","sophia-webster"
"sophiebillebrahe.com","sophie-bille-brahe"
"sorel.com","sorel"
"sorellaorganics.com.au","sorella-organics"
"sotela.co","sotela"
"souldazecollection.com","souldaze"
"soulland.com","soulland"
"mysoulsanctuary.co","soul-sanctuary"
"southofthebordersydney.com","south-of-the-border"
"spalding.com","spalding"
"spanx.com","spanx"
"specialized.com","specialized"
"Speedo.com","speedo"
"aus.spell.co","spell"
"spencersonline.com","spencers"
"sperry.com","sperry"
"spinellikilcollin.com","spinelli-kilcollin"
"spiritusstones.com","spiritus-stones"
"splendid.com","splendid"
"spooks.com","spooks"
"sportscraft.com.au","sportscraft"
"sportsgirl.com.au","sportsgirl"
"myspringfield.com","springfield"
"theiconic.com.au","spurr"
"st-agni.com","st-agni"
"stainshade.com","stain-shade"
"stance.com","stance"
"standardissue.co.nz","standard-issue"
"standstudio.com","stand-studio"
"stanleystella.com","stanleystella"
"starmela.co.uk","star-mela"
"starter.com","starter"
"statureclothing.com.au","stature"
"statusanxiety.com.au","status-anxiety"
"staud.clothing","staud"
"staywildswim.com","stay-wild"
"stellamccartney.com","stella-mccartney"
"stephaniechehade.com.au","stephanie-chehade"
"stephenwebster.com","stephen-webster"
"stepneyworkersclub.com","stepney-workers-club"
"steppinout.nl","steppin-out"
"steps.nl","steps"
"sterlingkingny.com","sterling-king"
"stevemadden.com","steve-madden"
"stillhere.nyc","still-here"
"stinegoya.com","stine-goya"
"storymfg.com","story-mfg"
"stradivarius.com","stradivarius"
"strateascarlucci.com","strateas-carlucci"
"studiooneeightynine.com","studio-189"
"studioamelia.co","studio-amelia"
"studio-ar.nl","studio-ar"
"studiojacklyn.com.au","studio-jacklyn"
"studiojux.com","studio-jux"
"studiopia.co.uk","studio-pia"
"study-ny.com","study-ny"
"stussy.com","stussy"
"stylandstore.com","styland"
"stylestruck.com.au","style-struck"
"suavshoes.com","suavs-shoes"
"subdued.com","subdued"
"suboo.com.au","suboo"
"sucofashion.com","suco"
"suicoke.ca","suicoke"
"suitsupply.com","suistudio"
"sukuhome.com","suku"
"sukworkwear.com.au","suk-workwear"
"summersalt.com","summersalt"
"summumwoman.com","summum-woman"
"sun68.com","sun68"
"suncoo-paris.com","suncoo"
"sundried.com","sundried"
"sundryclothing.com","sundry"
"sunglasshut.com","sunglass-hut"
"sunski.com","sunski"
"sunspel.com","sunspel"
"sunuva.com","sunuva"
"superdry.com","superdry"
"superga.com","superga"
"supermum.my","supermum"
"superstainable.com","superstainable"
"supre.com.au","supre"
"supremenewyork.com","supreme"
"susistudio.com","susi-studio"
"sustainbykat.com","sustain-by-kat"
"suzannekalan.com","suzanne-kalan"
"suzannerae.com","suzanne-rae"
"svala.co","svala"
"swarovski.com","swarovski"
"swear-london.com","swear"
"sweatybetty.com","sweaty-betty"
"swedishhasbeens.com","swedish-hasbeens"
"swedishstockings.com","swedish-stockings"
"sweet-pants.com","sweet-pants"
"swimagainst.com","swim-against"
"us.swims.com","swims"
"sydneyevan.com","sydney-evan"
"sylviatoledano.com","sylvia-toledano"
"symbologyclothing.com","symbology"
"tabitharingwood.com","tabitha-ringwood"
"tabithasimmons.com","tabitha-simmons"
"tadashishoji.com","tadashi-shoji"
"tagheuer.com","tag-heuer"
"tahlo.com.au","tahlo"
"taiyo.co","taiyo"
"shoptakara.com","takara"
"takko.com","takko"
"wearetala.com","tala"
"talbotrunhof.com","talbot-runhof"
"talbots.com","talbots"
"taliacollins.co.uk","talia-collins"
"tallmoi.com","tallmoi"
"tally-weijl.com","tally-weijl"
"tamaramellon.com","tamara-mellon"
"tamgadesigns.com","tamga-designs"
"tarajarmon.com","tara-jarmon"
"tara-matthews.com","tara-matthews"
"target.com.au","target-australia"
"tasaki-global.com","tasaki"
"tasitravels.com","tasi-travels"
"tataitalia.com","tata-italia"
"tateossian.com","tateossian"
"tatuum.com","tatuum"
"taukodesign.com","tauko"
"tayloryates.com","taylor-yates"
"tbalance.co.uk","tbalance"
"teamtimbuktu.com","team-timbuktu"
"teatumjones.com","teatum-jones"
"tedbaker.com","ted-baker"
"teemill.com","teemill"
"teklafabrics.com","tekla"
"shop.telfar.net","telfar"
"temperleylondon.com","temperly-london"
"ltencate.com","ten-cate"
"tenthousandthingsnyc.com","ten-thousand-things"
"tentree.com","tentree"
"tentwelvecollection.com","ten-twelve"
"ternua.com","ternua"
"terradea.com.au","terra-dea"
"terranovastyle.com","terranova"
"terry-t.com","terry"
"teva.com","teva"
"world.tezenis.com","tezenis"
"theandamane.com","the-andamane"
"anjelms.com","the-anjelms-project"
"thearrivals.com","the-arrivals"
"theattico.com","the-attico"
"thebemagugu.com","thebe-magugu"
"thebluesuit.ch","the-blue-suit"
"tbceyewear.com","the-book-club"
"theboyandi.com.au","the-boyandi"
"childrensplace.com","the-childrens-place"
"theclassictshirt.com","the-classic-t-shirt-co"
"thecommongoodco.com","the-common-good-company"
"elder-statesman.com","the-elder-statesman"
"theethicalsilkco.com","the-ethical-silk-company"
"thefable.com.au","the-fable"
"theflexx.com","the-flexx"
"threadharvest.com.au","the-giving-keys"
"thegoodtee.com","the-good-tee"
"herbivoreclothing.com","the-herbivore-clothing-company"
"thekenyancraftscompany.com","the-kenyan-crafts-company"
"theknottyones.com","the-knotty-ones"
"thela.eco","thela"
"thelevelcollective.com","the-level-collective"
"themadisoncollection.com","the-madison-collection"
"themakerbazaar.com","the-maker-collection"
"themilkboutique.com","the-milk-boutique"
"themnml.com.au","the-mnml"
"themorphbag.london","the-morphbag-by-gsk"
"thenorthface.com","the-north-face"
"thenudelabel.com","the-nude-label"
"theory.com","theory"
"theraggedpriest.com","the-ragged-priest"
"thercollective.com","the-r-collective"
"therootcollective.com","the-root-collective"
"therushinghour.com","the-rushing-hour"
"thesak.com","the-sak"
"thesocialoutfit.org","the-social-outfit"
"thesocialstudio.org","the-social-studio"
"thespottedquoll.com.au","the-spotted-quoll-studio"
"thestandardstitch.com","the-standard-stitch"
"thesusoutdoors.com","thesus"
"thetinyclosetshop.com","the-tiny-closet"
"turkishtowelcompany.com","the-turkish-towel-company"
"theupside.com","the-upside"
"theverygoodbra.com","the-very-good-bra"
"thevolon.com","the-volon"
"thingswelost.com.au","things-we-lost"
"thinkingmu.com","thinking-mu"
"shethinx.com","thinx"
"thirdlove.com","thirdlove"
"thirtytwo.com","thirtytwo"
"thokkthokkmarket.com","thokkthokk"
"thombrowne.com","thom-browne"
"wearethought.com","thought"
"thousandfell.com","thousand-fell"
"threads4thought.com","threads-4-thought"
"threefloor.com","three-floor"
"threegraceslondon.com","three-graces"
"threeofsomething.com","three-of-something"
"thrills.co","thrills"
"thunderpants.co.nz","thunderpants-nz"
"thunderpantsusa.com","thunderpants-usa"
"tibaandmarl.com","tiba---marl"
"tibi.com","tibi"
"tiffany.com","tiffany-and-co"
"tiffmanuell.com","tiff-manuell"
"tiffosi.com","tiffosi"
"tigerhorse.com.au","tiger-and-horse"
"tigerintherain.co.kr","tiger-in-the-rain"
"tigerlilyclothing.com","tigerlily"
"tigerofsweden.com","tiger-of-sweden"
"tilamarch.com","tila-march"
"timberland.com","timberland"
"timex.com","timex"
"maureentindi.com","tindi"
"tinycottons.com","tinycottons"
"tiny-om.com","tinyom"
"titaniainglis.com","titania-inglis"
"tlfapparel.com","tlf-apparel"
"toadandco.com","toad-and-co"
"toa.st","toast"
"toastsociety.com","toast-society"
"tobi.com","tobi"
"tods.com","tods"
"toga.jp","toga"
"toitvolant.com","toit-volant"
"tomboyx.com","tomboyx"
"tomford.co.uk","tom-ford"
"tommy.com","tommy-hilfiger"
"tomoandedie.com","tomo-and-edie"
"toms.com","toms"
"tom-tailor.de","tom-tailor"
"tomwoodproject.com","tom-wood"
"tonle.com","tonle"
"topshop.com","topshop"
"toral-shoes.com","toral"
"torrid.com","torrid"
"tortoisethelabel.com","tortoise-the-label"
"toryburch.com","tory-burch"
"toteme-studio.com","toteme"
"tous.com","tous"
"tf.com.br","track-and-field"
"tracksmith.com","tracksmith"
"tradlands.com","tradlands"
"tramontana.eu","tramontana"
"treefairfax.com","tree-fairfax"
"treeoflife.com.au","tree-of-life"
"trenery.com.au","trenery"
"tretorn.com","tretorn"
"triangl.com","triangl"
"triarchy.com","triarchy"
"tricolourfederation.com","tri-colour-federation"
"triple2.de","triple2"
"tripulse.co","tripulse"
"uk.triumph.com","triumph"
"triya.com.br","triya"
"tropicfeel.com","tropic-feel"
"troubadourgoods.com","troubadour"
"trueandco.com","trueandco"
"glamorous.com","true-decadence"
"trueprodigy.de","trueprodigy"
"truereligion.com","true-religion"
"truetribe.paris","true-tribe"
"tsaustore.com","tsau"
"tsuki.market","tsuki"
"tuckerman.co","tuckerman-and-co"
"tu-es-mon-tresor.com","tu-es-mon-tresor"
"tulize.it","tu-lize"
"tumi.com","tumi"
"tutudumonde.com","tutu-du-monde"
"twentyfour.no","twentyfour"
"twodaysoff.com","two-days-off"
"twofoldclothing.com","twofold-clothing"
"twosparrow.com.au","two-sparrow-australia"
"twothirds.com","twothirds"
"tylerellis.com","tyler-ellis"
"ucon-acrobatics.com","ucon-acrobatics"
"ugg.com","ugg"
"ulkin.co.kr","ul-kin"
"ullajohnson.com","ulla-johnson"
"ulvang.com","ulvang"
"ulysse-nardin.com","ulysse-nardin"
"umaraqueldavidowicz.com","uma-raquel-davidowicz"
"u-maskstore.eu","u-mask"
"umawang.com","uma-wang"
"umbro.com","umbro"
"unbelts.com","unbelts"
"unclexstudios.com","uncle-studios"
"underarmour.com","under-armour"
"undercoverism.com","undercover"
"underprotection.eu","underprotection"
"undiz.com","undiz"
"unepiece.com","une-piece"
"unhiddenclothing.com","unhidden"
"unifclothing.com","unif"
"unifor.me","uniforme"
"uniformwares.com","uniform-wares"
"uniqlo.com","uniqlo"
"store.united-arrows.co.jp","united-arrows"
"unitedbyblue.com","united-by-blue"
"benettongroup.com","united-colors-of-benetton"
"universalstandard.com","universal-standard"
"unoa.co.uk","unoa"
"bentavernitiunravelproject.com","unravel-project"
"unrealfur.com","unreal-fur"
"unrecorded.co","unrecorded"
"unrobe.com","unrobe"
"unspun.io","unspun"
"untoldjewellery.com","untold-jewellery"
"untouchedworld.com","untouched-world"
"untuckit.com","untuckit"
"up-fuse.com","up-fuse"
"upparel.com.au","upparel"
"uo.com.au","urban-originals"
"urbanoutfitters.com","urban-outfitters"
"urbansavage.com","urban-savage"
"uterque.com","uterque"
"vacancysupply.com","vacancy-supply"
"vagabond.com","vagabond"
"valentino.com","valentino"
"thevampireswife.com","vampires-wife"
"vana-shree.com","vana"
"vanheusen.partnerbrands.com","van-heusen"
"vanina.me","vanina"
"vanityfairlingerie.com","vanity-fair"
"vanlier.nl","van-lier"
"vans.com","vans"
"varietyhourstudio.com","variety-hour"
"vassarette.com","vassarette"
"vatter-fashion.com","vatter"
"vaude.com","vaude"
"vavaeyewear.com","vava"
"vbytownsley.com","v-by-townsley"
"vee-collective.com","veecollective"
"veerah.com","veerah"
"vegethreads.com","vege-threads"
"veja-store.com","veja"
"velocio.cc","velocio"
"velvetcanyon.com","velvet-canyon"
"venczel.co","venczel"
"venim.com","venim"
"venroy.com.au","venroy"
"verawang.com","vera-wang"
"vernisse.it","vernisse"
"veromoda.com","vero-moda"
"versace.com","versace"
"vesicapiscisfootwear.com","vesica-piscis"
"vestigebrand.com","vestige"
"vetementswebsite.com","vetements"
"vettacapsule.com","vetta"
"us.vibram.com","vibram"
"victoriabeckham.com","victoria-beckham"
"victoriassecret.com","victorias-secret"
"vietopiathebrand.com","vietopia"
"vigoswim.com","vigo-swim"
"vihe.com.br","vihe"
"vikagazinskaya.ru","vika-gazinskaya"
"viktor-rolf.com","viktorandrolf"
"viktoriaandwoods.com.au","viktoria-and-woods"
"vila.com","vila"
"vilebrequin.com","vilebrequin"
"vilo.co.nz","vilo"
"vincijaswim.com","vincija-swim"
"vineyardvines.com","vineyard-vines"
"vinnysthevibe.com","vinnys"
"vintiandrews.com","vinti-andrews"
"vintiquecustomdesign.com","vintique-custom-design"
"eu.virusintl.com","virus-international"
"visionstreetwear.eu","vision-street-wear"
"vissla.com","vissla"
"vitaminaswim.com","vitamin-a"
"vivaiacollection.com","vivaia"
"viviennewestwood.com","vivienne-westwood"
"vivobarefoot.com","vivo-barefoot"
"volcom.com","volcom"
"vonholzhausen.com","von-holzhausen"
"us.vonzipper.com","von-zipper"
"vor.shoes","vor"
"madebyvoz.com","voz"
"vuarnet.com","vuarnet"
"vuoriclothing.com","vuori"
"vyayama.com","vyayama"
"vynerarticles.com","vyner-articles"
"waiwairio.com","waiwai-rio"
"wald-berlin.de","wald-berlin"
"walesbonner.net","wales-bonner"
"walg.co.uk","wal-g"
"wallacecotton.com","wallace-cotton"
"walmart.com","walmart"
"wamaunderwear.com","wama"
"wanderlustamsterdam.com","wanderlust"
"wandler.com","wandler"
"wantlesessentiels.com","want-les-essentiels"
"warbyparker.com","warby-parker"
"wardrobe.nyc","wardrobenyc"
"warners.com","warners"
"warriorsdivine.com","warriors-of-the-divine"
"waterlust.com","waterlust"
"wauwcapow.com","wauw-capow"
"wawwaclothing.com","wawwa"
"we11-done.com","we11done"
"we-ar4.com","we-ar4"
"wearehah.com","we-are-hah"
"wearekindred.com.au","we-are-kindred"
"wearenativ.com","wearenativ"
"we-ar.com","wear"
"wearyourlovexo.com","wear-your-love"
"weekday.com","weekday"
"weirdfish.co.uk","weird-fish"
"wemotoclothing.com","wemoto"
"westactivewear.com","west-activewear"
"weworewhat.com","weworewhat"
"wheredoesitcomefrom.co.uk","where-does-it-come-from"
"whimsyandrow.com","whimsy-and-row"
"whistles.com","whistles"
"whitebirdjewellery.com","white-bird"
"whitehouseblackmarket.com","white-house-black-market"
"whiterabbitny.com","white-rabbit"
"whitestory.com.au","white-story"
"whitestuff.com","white-stuff"
"wholesomeculture.com","wholesome-culture"
"whowhatwear.com","who-what-wear"
"wickerwings.com","wicker-wings"
"wiilds.com","wiilds"
"wildflowereco.com.au","wildflower-ethical-apparel"
"wildling.shoes","wildling"
"wills-vegan-store.com","wills-vegan-store"
"wiltclothing.com","wilt"
"winterwaterfactory.com","winter-water-factory"
"wiresglasses.com","wires"
"wish.com.au","wish"
"witchery.com","witchery"
"wittner.com.au","wittner"
"en.wnderkammer.com","wnderkammer"
"wolfandgypsy.com","wolf-and-gypsy"
"wolfandrita.com","wolf-and-rita"
"wolfandzephyr.com","wolf-and-zephyr"
"wolfordshop.net","wolford"
"wolventhreads.com","wolven-threads"
"wolvis.be","wolvis"
"womensecret.com","womensecret"
"womsh.com","womsh"
"wearwone.com","wone"
"woodwood.com","wood-wood"
"woolrich.com","woolrich"
"woronstore.com","woron"
"wouf.com","wouf"
"wrangler.com","wrangler"
"wray.nyc","wray"
"wrightlechapelain.com","wright-le-chapelain"
"wuka.co.uk","wuka"
"wunderwerk.com","wunderwerk"
"wuxly.com","wuxly-movement"
"wwake.com","wwake"
"wyattandjack.com","wyatt-and-jack"
"xiaowangnyc.com","xiao-wang"
"xocoi.net","xocoi"
"yanga.com","yanga"
"y-a-s.com","yas"
"yepremjewellery.com","yeprem"
"joinyesand.com","yes-and"
"yesfriends.co.uk","yes-friends"
"yesstyle.com","yesstyle"
"yiy.life","yiy"
"ylistyle.com","ylistyle"
"youmustcreate.com","ymc"
"yngr.eu","yngr"
"yogipeaceclub.com","yogi-peace-club"
"yohjiyamamoto.co.jp","yohji-yamamoto"
"yokolondon.com","yoko-london"
"youngor.com","youngor"
"tigha.com","young-poets-society"
"youunderwear.com","you-underwear"
"yueqiqi.com","yueqi-qi"
"yukithreads.com","yuki-threads"
"yuliyamagdych.com","yuliya-magdych"
"yumeibrand.com","yu-mei"
"yummymaternity.com.au","yummy-maternity"
"yu-stepanel.com","yu-stepanel"
"en.yuulyie.com","yuul-yie"
"yuzefi.com","yuzefi"
"yves-salomon.com","yves-salomon-fourreur"
"zacposen.com","zac-zac-posen"
"zadig-et-voltaire.com","zadigandvoltaire"
"zaful.com","zaful"
"zalando.de","zalando-essentials"
"zaliah.com","zaliah"
"zalie.com.au","zalie"
"zanni.la","zanni"
"zanzan.co.uk","zanzan"
"zara.com","zara"
"shop-zavi.com","zavi"
"zazzle.co.uk","zazzle"
"zealoptics.com","zeal-optics"
"zeeman.com","zeeman"
"zenith-watches.com","zenith"
"zennomad.ca","zen-nomad"
"zeonltd.co.uk","zeon"
"zerobarracento.com","zerobarracento"
"zeromariacornejo.com","zero-maria-cornejo"
"zerowastedaniel.com","zero-waste-daniel"
"zeusndione.com","zeus-dione"
"en.zalando.de","zign"
"zilch.nl","zilch"
"zilver.com","zilver"
"zimmermann.com","zimmermann"
"zoekarssen.com","zoe-karssen"
"zolaamour.com","zola-amour"
"zouxou.com","zou-xou"
"zthelabel.com","z-the-label"
"us.zuluandzephyr.com","zulu-and-zephyr"
"zumiez.com","zumiez"
"shopzuri.com","zuri"
"zuzabart.com","zuzabartshopoutlet"
"ae.com","american-eagle"
"aliceandolivia.com","alice-and-olivia"
"allthingsmochi.com","all-things-mochi"
"asos.com","asos"
"athleticpropulsionlabs.com","apl"
"bigw.com.au","big-w"
"chloe.com","chloe"
"christopherkane.com","christopher-kane"
"cottonon.com","cotton-on"
"debenhams.com","debenhams"
"ekyog.com","ekoyg"
"esbyapparel.com","esby"
"farfetch.com","lost-and-found"
"frenchconnection.com","french-connection"
"gaiasegattiniknotwear.it","gaia-segattini-knotwear"
"galerieslafayette.com","galeries-lafayette"
"garrettleight.com","garrett-leight"
"gerryweber.com","gerry-weber"
"hm.com","h-and-m"
"ikks.com","ikks"
"isseymiyake.com","132-5-issey-miyake"
"jillstuart.com","jill-stuart"
"jilsander.com","jil-sander"
"leejeans.com","lee"
"lemoniez.com","lemoniez"
"luckybrand.com","lucky-brand"
"macys.com","macys"
"myer.com.au","myer"
"next.co.uk","next"
"noppies.com","noppies"
"o-mighty.com","omighty"
"only.com","only"
"phase-eight.com","phase-eight"
"ralphlauren.com","ralph-lauren"
"shop.dangerfield.com.au","dangerfield"
"shoposborn.com","osborn"
"skallstudio.com","skall-studio"
"slowear.com","slowear"
"target.com.au","target-australia"
"tfnclondon.com","tfnc"
"thekooples.com","the-kooples"
"vergegirl.com","verge-girl"
"very.co.uk","very"
"zenggi.com","zenggi"
